Tiempo,Pandora mm (637km2),Banano mm (90km2)
6/22/1973,7.46,21.02
6/23/1973,6.17,14.78
6/24/1973,6.32,27.65
6/25/1973,7.80,19.68
6/26/1973,7.72,15.17
6/27/1973,7.83,23.14
6/28/1973,5.02,14.30
6/29/1973,3.84,13.54
6/30/1973,3.21,11.42
7/1/1973,2.77,10.18
7/2/1973,2.92,22.46
7/3/1973,3.02,13.54
7/4/1973,3.27,11.90
7/5/1973,3.31,12.10
7/6/1973,3.00,10.37
7/7/1973,2.81,11.81
7/8/1973,2.85,14.11
7/9/1973,3.35,12.67
7/10/1973,3.01,10.75
7/11/1973,2.40,9.50
7/12/1973,2.14,9.07
7/13/1973,2.47,9.07
7/14/1973,4.99,16.13
7/15/1973,5.34,12.48
7/16/1973,3.30,10.37
7/17/1973,2.83,9.34
7/18/1973,6.16,13.54
7/19/1973,5.34,11.23
7/20/1973,12.29,24.29
7/21/1973,20.21,23.23
7/22/1973,8.06,16.03
7/23/1973,6.69,14.88
7/24/1973,5.22,17.47
7/25/1973,3.93,14.02
7/26/1973,3.20,12.58
7/27/1973,2.78,11.23
7/28/1973,2.44,13.25
7/29/1973,2.67,11.04
7/30/1973,2.67,11.71
7/31/1973,4.01,19.49
8/1/1973,5.03,13.25
8/2/1973,4.07,11.71
8/3/1973,3.69,10.66
8/4/1973,2.66,9.70
8/5/1973,2.47,10.56
8/6/1973,2.33,9.12
8/7/1973,2.13,8.56
8/8/1973,2.43,8.39
8/9/1973,2.02,7.87
8/10/1973,2.10,8.11
8/11/1973,2.17,7.99
8/12/1973,1.83,7.58
8/13/1973,1.68,7.26
8/14/1973,1.63,7.11
8/15/1973,1.60,7.01
8/16/1973,1.60,7.95
8/17/1973,2.02,7.15
8/18/1973,2.16,8.02
8/19/1973,2.40,7.88
8/20/1973,2.21,7.85
8/21/1973,2.37,7.65
8/22/1973,2.35,7.56
8/23/1973,2.71,7.70
8/24/1973,1.95,10.66
8/25/1973,1.93,11.14
8/26/1973,2.47,15.55
8/27/1973,5.24,15.07
8/28/1973,10.42,27.65
8/29/1973,14.11,19.68
8/30/1973,8.72,16.80
8/31/1973,5.14,12.29
9/1/1973,4.06,10.27
9/2/1973,8.14,9.49
9/3/1973,8.50,10.08
9/4/1973,9.75,17.09
9/5/1973,12.25,13.63
9/6/1973,11.10,11.04
9/7/1973,6.05,10.94
9/8/1973,5.11,9.79
9/9/1973,3.77,8.69
9/10/1973,3.40,8.19
9/11/1973,3.11,8.04
9/12/1973,2.96,8.24
9/13/1973,3.87,11.62
9/14/1973,3.53,10.66
9/15/1973,3.93,10.85
9/16/1973,3.32,9.39
9/17/1973,2.85,8.40
9/18/1973,3.59,9.36
9/19/1973,4.91,13.73
9/20/1973,3.66,11.04
9/21/1973,3.05,10.27
9/22/1973,2.92,9.70
9/23/1973,2.69,9.55
9/24/1973,2.31,9.41
9/25/1973,2.58,9.34
9/26/1973,2.37,11.52
9/27/1973,4.52,15.94
9/28/1973,4.77,11.23
9/29/1973,3.62,9.14
9/30/1973,3.53,9.31
10/1/1973,3.11,11.81
10/2/1973,3.16,9.79
10/3/1973,3.08,8.56
10/4/1973,5.30,10.94
10/5/1973,8.31,15.46
10/6/1973,11.30,20.26
10/7/1973,7.53,15.07
10/8/1973,6.24,13.54
10/9/1973,6.16,14.40
10/10/1973,6.89,14.30
10/11/1973,5.11,11.90
10/12/1973,5.17,11.62
10/13/1973,7.87,17.38
10/14/1973,15.33,24.29
10/15/1973,23.06,19.39
10/16/1973,12.75,15.46
10/17/1973,10.74,19.39
10/18/1973,14.92,39.07
10/19/1973,14.38,25.15
10/20/1973,10.08,17.86
10/21/1973,7.60,15.26
10/22/1973,8.07,14.78
10/23/1973,8.08,13.63
10/24/1973,10.40,20.54
10/25/1973,10.17,17.18
10/26/1973,7.62,14.21
10/27/1973,6.25,12.00
10/28/1973,4.86,11.14
10/29/1973,4.23,10.46
10/30/1973,3.65,9.98
10/31/1973,2.78,9.51
11/1/1973,2.62,9.10
11/2/1973,2.48,9.26
11/3/1973,2.85,10.56
11/4/1973,3.26,17.47
11/5/1973,6.37,12.00
11/6/1973,3.66,9.79
11/7/1973,3.01,29.28
11/8/1973,10.58,21.60
11/9/1973,7.19,15.84
11/10/1973,4.88,12.38
11/11/1973,3.80,13.15
11/12/1973,4.00,11.71
11/13/1973,3.59,14.59
11/14/1973,5.29,13.92
11/15/1973,5.02,23.52
11/16/1973,8.55,24.58
11/17/1973,8.82,26.69
11/18/1973,9.77,12.48
11/19/1973,9.36,21.12
11/20/1973,7.26,18.05
11/21/1973,6.37,19.01
11/22/1973,7.35,20.74
11/23/1973,15.46,31.20
11/24/1973,27.53,36.10
11/25/1973,19.26,25.54
11/26/1973,15.06,31.30
11/27/1973,12.07,28.42
11/28/1973,38.52,118.08
11/29/1973,46.39,97.92
11/30/1973,31.60,52.80
12/1/1973,13.70,31.68
12/2/1973,9.14,23.04
12/3/1973,6.88,18.34
12/4/1973,5.55,15.46
12/5/1973,4.69,13.63
12/6/1973,3.99,12.48
12/7/1973,3.74,13.54
12/8/1973,5.33,14.59
12/9/1973,3.95,13.06
12/10/1973,25.36,59.52
12/11/1973,59.41,139.20
12/12/1973,35.81,111.36
12/13/1973,34.86,83.04
12/14/1973,14.65,36.77
12/15/1973,9.54,24.29
12/16/1973,7.27,18.53
12/17/1973,10.59,40.22
12/18/1973,36.76,91.20
12/19/1973,17.63,65.38
12/20/1973,10.77,29.76
12/21/1973,9.83,24.96
12/22/1973,13.44,33.60
12/23/1973,9.67,23.81
12/24/1973,7.38,18.34
12/25/1973,6.13,15.84
12/26/1973,6.63,16.13
12/27/1973,20.07,53.66
12/28/1973,10.50,19.01
12/29/1973,13.14,17.47
12/30/1973,16.01,15.74
12/31/1973,6.71,14.02
1/1/1974,6.37,13.25
1/2/1974,6.04,44.06
1/3/1974,8.55,45.89
1/4/1974,6.37,12.29
1/5/1974,5.43,11.62
1/6/1974,5.22,11.33
1/7/1974,4.98,13.63
1/8/1974,6.32,17.95
1/9/1974,35.13,74.30
1/10/1974,39.61,51.94
1/11/1974,18.45,52.42
1/12/1974,13.17,36.77
1/13/1974,26.72,53.86
1/14/1974,17.50,46.94
1/15/1974,15.87,40.13
1/16/1974,10.32,29.09
1/17/1974,8.73,22.56
1/18/1974,8.41,20.06
1/19/1974,6.61,15.74
1/20/1974,5.62,14.21
1/21/1974,4.86,12.86
1/22/1974,4.54,11.81
1/23/1974,4.15,12.10
1/24/1974,4.73,13.44
1/25/1974,4.00,11.81
1/26/1974,3.59,10.56
1/27/1974,3.53,10.18
1/28/1974,4.68,14.40
1/29/1974,6.24,19.68
1/30/1974,5.49,13.15
1/31/1974,4.20,9.79
2/1/1974,3.45,8.35
2/2/1974,3.12,7.53
2/3/1974,2.85,6.93
2/4/1974,2.71,6.54
2/5/1974,4.88,11.62
2/6/1974,4.07,10.08
2/7/1974,3.02,7.41
2/8/1974,2.85,6.79
2/9/1974,2.71,6.41
2/10/1974,2.85,6.76
2/11/1974,3.35,7.68
2/12/1974,2.85,6.32
2/13/1974,8.55,22.46
2/14/1974,4.88,12.00
2/15/1974,3.59,9.03
2/16/1974,3.13,8.01
2/17/1974,3.05,7.49
2/18/1974,3.80,10.08
2/19/1974,3.69,9.24
2/20/1974,3.64,8.67
2/21/1974,2.54,7.44
2/22/1974,2.54,6.82
2/23/1974,3.05,6.56
2/24/1974,2.85,6.13
2/25/1974,2.88,6.17
2/26/1974,4.20,10.66
2/27/1974,6.92,17.09
2/28/1974,9.90,22.46
3/1/1974,5.70,15.46
3/2/1974,4.20,11.52
3/3/1974,3.40,9.42
3/4/1974,3.15,8.62
3/5/1974,2.90,7.83
3/6/1974,2.74,7.22
3/7/1974,2.51,6.69
3/8/1974,2.43,6.44
3/9/1974,2.64,7.46
3/10/1974,2.51,6.81
3/11/1974,2.64,6.99
3/12/1974,2.46,6.19
3/13/1974,2.36,5.83
3/14/1974,2.28,5.70
3/15/1974,2.18,7.23
3/16/1974,2.10,6.63
3/17/1974,2.46,10.94
3/18/1974,2.89,7.68
3/19/1974,2.20,7.29
3/20/1974,2.08,6.53
3/21/1974,1.99,5.88
3/22/1974,1.91,5.68
3/23/1974,1.89,5.17
3/24/1974,1.86,5.18
3/25/1974,1.83,4.90
3/26/1974,2.16,5.40
3/27/1974,2.02,4.83
3/28/1974,2.24,6.00
3/29/1974,2.21,5.28
3/30/1974,2.08,5.34
3/31/1974,2.14,5.44
4/1/1974,2.20,5.29
4/2/1974,2.02,4.90
4/3/1974,1.87,4.51
4/4/1974,1.83,4.19
4/5/1974,1.90,4.25
4/6/1974,2.10,4.29
4/7/1974,2.10,3.99
4/8/1974,1.67,3.80
4/9/1974,1.51,3.70
4/10/1974,1.42,3.58
4/11/1974,1.44,3.51
4/12/1974,1.46,3.41
4/13/1974,1.51,4.05
4/14/1974,1.59,5.04
4/15/1974,2.44,10.56
4/16/1974,3.11,10.66
4/17/1974,2.41,6.22
4/18/1974,1.89,5.22
4/19/1974,2.89,12.29
4/20/1974,5.09,10.37
4/21/1974,5.82,13.82
4/22/1974,15.73,19.10
4/23/1974,5.70,11.42
4/24/1974,3.93,9.50
4/25/1974,3.12,7.61
4/26/1974,5.90,15.36
4/27/1974,8.55,19.01
4/28/1974,4.88,10.75
4/29/1974,4.48,9.39
4/30/1974,12.89,24.86
5/1/1974,8.46,15.65
5/2/1974,5.85,12.29
5/3/1974,7.89,17.66
5/4/1974,7.20,15.07
5/5/1974,5.02,15.46
5/6/1974,4.77,18.14
5/7/1974,3.99,13.15
5/8/1974,3.45,10.27
5/9/1974,3.07,8.96
5/10/1974,3.04,8.09
5/11/1974,2.70,7.56
5/12/1974,2.60,6.85
5/13/1974,2.55,9.32
5/14/1974,2.75,7.23
5/15/1974,3.08,21.60
5/16/1974,4.75,13.82
5/17/1974,6.24,19.49
5/18/1974,8.38,20.83
5/19/1974,8.95,16.90
5/20/1974,4.94,11.52
5/21/1974,3.89,9.70
5/22/1974,4.39,22.46
5/23/1974,4.56,14.11
5/24/1974,4.01,11.42
5/25/1974,3.27,9.79
5/26/1974,2.97,9.13
5/27/1974,2.75,8.30
5/28/1974,2.60,7.79
5/29/1974,4.04,9.40
5/30/1974,4.06,9.70
5/31/1974,3.64,26.40
6/1/1974,8.45,19.10
6/2/1974,11.96,22.94
6/3/1974,8.84,16.80
6/4/1974,5.56,35.81
6/5/1974,5.22,20.74
6/6/1974,4.44,16.32
6/7/1974,4.15,24.77
6/8/1974,4.15,15.17
6/9/1974,7.24,21.12
6/10/1974,5.66,32.54
6/11/1974,8.07,21.89
6/12/1974,7.70,17.18
6/13/1974,9.25,22.37
6/14/1974,11.15,21.02
6/15/1974,6.42,15.74
6/16/1974,5.83,23.81
6/17/1974,8.00,20.93
6/18/1974,6.54,15.26
6/19/1974,4.80,14.11
6/20/1974,4.33,15.17
6/21/1974,4.38,13.73
6/22/1974,4.80,11.81
6/23/1974,4.33,10.46
6/24/1974,4.15,12.58
6/25/1974,4.04,10.37
6/26/1974,3.42,8.35
6/27/1974,5.34,10.85
6/28/1974,4.98,8.77
6/29/1974,3.62,7.57
6/30/1974,3.53,9.79
7/1/1974,5.28,15.26
7/2/1974,5.82,11.33
7/3/1974,3.97,8.39
7/4/1974,7.27,28.22
7/5/1974,11.16,34.27
7/6/1974,9.49,26.30
7/7/1974,6.78,26.78
7/8/1974,12.11,59.04
7/9/1974,7.05,25.06
7/10/1974,8.50,32.74
7/11/1974,14.38,25.06
7/12/1974,14.78,21.60
7/13/1974,14.24,24.00
7/14/1974,9.62,17.57
7/15/1974,7.07,14.21
7/16/1974,9.37,18.43
7/17/1974,8.14,14.02
7/18/1974,8.48,16.42
7/19/1974,7.93,16.03
7/20/1974,6.36,12.96
7/21/1974,6.09,22.46
7/22/1974,5.98,14.59
7/23/1974,5.15,11.42
7/24/1974,4.41,9.70
7/25/1974,4.22,10.94
7/26/1974,12.07,16.90
7/27/1974,7.70,12.29
7/28/1974,12.19,17.66
7/29/1974,12.17,14.78
7/30/1974,9.10,12.19
7/31/1974,6.13,10.46
8/1/1974,7.01,15.74
8/2/1974,8.44,16.61
8/3/1974,6.52,12.86
8/4/1974,8.03,13.63
8/5/1974,27.26,54.14
8/6/1974,16.82,23.04
8/7/1974,11.34,16.70
8/8/1974,9.22,13.54
8/9/1974,8.29,12.10
8/10/1974,7.69,11.71
8/11/1974,14.65,37.34
8/12/1974,13.10,22.08
8/13/1974,9.68,19.78
8/14/1974,9.17,17.66
8/15/1974,6.63,15.07
8/16/1974,6.70,21.50
8/17/1974,11.39,46.56
8/18/1974,13.83,49.73
8/19/1974,9.29,40.51
8/20/1974,13.70,28.61
8/21/1974,15.87,32.45
8/22/1974,16.82,34.75
8/23/1974,13.97,28.99
8/24/1974,13.33,28.13
8/25/1974,10.02,20.93
8/26/1974,8.12,18.72
8/27/1974,6.80,24.86
8/28/1974,5.82,21.89
8/29/1974,5.02,17.57
8/30/1974,4.68,16.32
8/31/1974,5.48,19.20
9/1/1974,6.62,18.43
9/2/1974,6.51,19.20
9/3/1974,6.23,14.98
9/4/1974,4.52,12.48
9/5/1974,4.14,10.94
9/6/1974,4.10,9.98
9/7/1974,3.88,9.36
9/8/1974,3.36,9.22
9/9/1974,3.99,11.71
9/10/1974,3.26,9.16
9/11/1974,3.11,8.77
9/12/1974,3.05,8.47
9/13/1974,3.23,9.06
9/14/1974,3.04,8.53
9/15/1974,3.59,11.62
9/16/1974,3.39,10.56
9/17/1974,3.26,11.14
9/18/1974,4.58,17.57
9/19/1974,4.26,13.06
9/20/1974,3.64,10.85
9/21/1974,3.36,14.21
9/22/1974,3.15,9.98
9/23/1974,3.88,9.28
9/24/1974,3.21,15.17
9/25/1974,3.59,10.46
9/26/1974,3.15,9.15
9/27/1974,2.89,8.31
9/28/1974,2.82,10.85
9/29/1974,3.28,9.89
9/30/1974,3.35,10.27
10/1/1974,3.99,9.60
10/2/1974,3.35,13.25
10/3/1974,4.53,10.27
10/4/1974,4.27,11.52
10/5/1974,3.26,10.27
10/6/1974,2.83,12.10
10/7/1974,2.46,9.89
10/8/1974,2.67,8.93
10/9/1974,2.97,8.19
10/10/1974,3.08,7.74
10/11/1974,4.48,7.41
10/12/1974,3.01,7.22
10/13/1974,2.75,7.06
10/14/1974,2.70,6.78
10/15/1974,2.70,8.68
10/16/1974,3.42,13.15
10/17/1974,5.87,10.37
10/18/1974,4.11,9.09
10/19/1974,7.85,10.27
10/20/1974,8.76,10.46
10/21/1974,5.29,8.81
10/22/1974,4.52,9.89
10/23/1974,4.54,8.70
10/24/1974,5.17,9.08
10/25/1974,4.90,9.98
10/26/1974,8.86,10.46
10/27/1974,7.03,9.39
10/28/1974,5.56,8.81
10/29/1974,5.82,8.91
10/30/1974,5.25,10.18
10/31/1974,4.63,10.66
11/1/1974,4.77,12.86
11/2/1974,4.87,17.47
11/3/1974,5.55,18.14
11/4/1974,7.34,19.10
11/5/1974,4.64,12.29
11/6/1974,3.78,36.38
11/7/1974,3.57,16.51
11/8/1974,3.42,13.92
11/9/1974,3.57,14.59
11/10/1974,3.77,13.44
11/11/1974,3.21,11.62
11/12/1974,2.96,10.37
11/13/1974,2.89,9.30
11/14/1974,2.63,8.72
11/15/1974,2.46,8.43
11/16/1974,3.11,10.75
11/17/1974,3.15,9.14
11/18/1974,3.01,10.56
11/19/1974,2.96,9.43
11/20/1974,2.51,8.76
11/21/1974,2.28,8.64
11/22/1974,2.10,8.90
11/23/1974,2.10,8.61
11/24/1974,2.05,9.12
11/25/1974,1.99,8.04
11/26/1974,2.96,22.85
11/27/1974,9.01,75.84
11/28/1974,29.70,79.01
11/29/1974,14.11,31.20
11/30/1974,7.77,20.54
12/1/1974,6.62,17.38
12/2/1974,7.74,23.23
12/3/1974,9.43,39.36
12/4/1974,42.86,119.04
12/5/1974,45.44,88.51
12/6/1974,21.57,42.34
12/7/1974,12.02,20.26
12/8/1974,8.29,16.70
12/9/1974,6.47,15.26
12/10/1974,5.09,14.02
12/11/1974,4.33,12.86
12/12/1974,3.69,11.71
12/13/1974,3.34,10.37
12/14/1974,2.96,9.31
12/15/1974,2.51,8.98
12/16/1974,2.46,8.51
12/17/1974,2.28,8.01
12/18/1974,2.10,7.64
12/19/1974,1.94,7.30
12/20/1974,1.83,7.01
12/21/1974,1.78,6.74
12/22/1974,1.72,7.41
12/23/1974,1.67,7.08
12/24/1974,1.63,7.12
12/25/1974,1.83,9.26
12/26/1974,1.94,7.65
12/27/1974,1.67,6.74
12/28/1974,1.46,6.40
12/29/1974,1.51,6.43
12/30/1974,1.51,6.03
12/31/1974,1.42,6.12
1/1/1975,1.55,6.27
1/2/1975,1.42,5.80
1/3/1975,1.34,5.66
1/4/1975,1.31,5.53
1/5/1975,1.31,6.23
1/6/1975,1.46,6.57
1/7/1975,1.63,6.13
1/8/1975,1.51,5.09
1/9/1975,1.42,4.70
1/10/1975,1.42,4.56
1/11/1975,1.37,4.35
1/12/1975,1.37,4.24
1/13/1975,1.37,4.90
1/14/1975,1.37,5.81
1/15/1975,1.34,5.74
1/16/1975,1.31,5.71
1/17/1975,3.31,14.11
1/18/1975,9.90,39.26
1/19/1975,7.77,14.02
1/20/1975,3.62,10.37
1/21/1975,3.30,8.54
1/22/1975,6.54,14.59
1/23/1975,6.70,10.85
1/24/1975,6.51,18.05
1/25/1975,6.73,14.59
1/26/1975,4.18,11.62
1/27/1975,3.08,10.27
1/28/1975,2.70,9.35
1/29/1975,2.39,9.59
1/30/1975,2.82,12.10
1/31/1975,20.07,45.31
2/1/1975,26.18,57.02
2/2/1975,7.79,22.75
2/3/1975,6.27,17.18
2/4/1975,5.15,14.78
2/5/1975,4.45,12.96
2/6/1975,4.79,11.42
2/7/1975,4.84,10.37
2/8/1975,4.35,9.30
2/9/1975,2.82,8.29
2/10/1975,2.58,7.44
2/11/1975,2.51,6.88
2/12/1975,2.28,6.60
2/13/1975,2.05,6.34
2/14/1975,1.94,6.07
2/15/1975,1.83,5.80
2/16/1975,1.72,5.66
2/17/1975,1.63,5.66
2/18/1975,1.55,5.75
2/19/1975,1.63,5.47
2/20/1975,1.67,5.47
2/21/1975,1.59,5.27
2/22/1975,1.51,5.15
2/23/1975,1.46,5.15
2/24/1975,1.51,6.58
2/25/1975,1.55,6.52
2/26/1975,1.67,6.58
2/27/1975,1.59,6.07
2/28/1975,1.42,5.40
3/1/1975,1.37,4.51
3/2/1975,1.55,4.46
3/3/1975,1.46,4.40
3/4/1975,1.42,4.19
3/5/1975,1.34,4.13
3/6/1975,1.31,3.94
3/7/1975,1.52,4.75
3/8/1975,1.34,3.94
3/9/1975,1.31,3.94
3/10/1975,1.34,4.03
3/11/1975,1.42,4.94
3/12/1975,2.54,5.57
3/13/1975,1.72,5.52
3/14/1975,1.99,7.29
3/15/1975,2.31,4.75
3/16/1975,1.59,4.42
3/17/1975,1.40,4.08
3/18/1975,1.34,3.94
3/19/1975,1.31,3.89
3/20/1975,1.28,3.79
3/21/1975,1.34,3.94
3/22/1975,1.28,3.79
3/23/1975,1.20,3.63
3/24/1975,1.14,3.46
3/25/1975,1.11,3.41
3/26/1975,1.09,3.36
3/27/1975,1.31,3.89
3/28/1975,3.47,9.70
3/29/1975,2.74,6.09
3/30/1975,2.05,5.74
3/31/1975,1.59,4.42
4/1/1975,1.46,4.22
4/2/1975,1.40,4.08
4/3/1975,1.52,4.42
4/4/1975,1.42,4.13
4/5/1975,1.42,4.13
4/6/1975,1.37,4.63
4/7/1975,1.25,3.74
4/8/1975,1.20,3.65
4/9/1975,1.14,3.44
4/10/1975,1.40,3.74
4/11/1975,1.51,4.27
4/12/1975,1.25,3.48
4/13/1975,1.14,3.36
4/14/1975,1.09,3.26
4/15/1975,1.14,3.28
4/16/1975,1.14,3.24
4/17/1975,1.09,3.17
4/18/1975,1.11,4.05
4/19/1975,1.20,4.05
4/20/1975,1.17,4.11
4/21/1975,2.28,12.86
4/22/1975,2.12,10.75
4/23/1975,4.30,10.56
4/24/1975,2.17,8.44
4/25/1975,2.12,7.68
4/26/1975,1.38,9.51
4/27/1975,1.63,12.67
4/28/1975,2.22,9.70
4/29/1975,1.67,8.05
4/30/1975,1.44,8.36
5/1/1975,1.34,8.52
5/2/1975,1.40,10.94
5/3/1975,1.83,9.60
5/4/1975,1.57,9.79
5/5/1975,1.72,13.15
5/6/1975,1.83,16.22
5/7/1975,1.89,16.13
5/8/1975,1.67,11.14
5/9/1975,1.57,10.56
5/10/1975,1.51,9.30
5/11/1975,1.40,12.38
5/12/1975,1.42,11.71
5/13/1975,1.46,10.18
5/14/1975,1.51,9.01
5/15/1975,1.31,9.79
5/16/1975,1.42,9.60
5/17/1975,1.34,8.72
5/18/1975,1.28,8.14
5/19/1975,1.22,7.30
5/20/1975,1.22,7.75
5/21/1975,1.37,7.30
5/22/1975,2.75,7.12
5/23/1975,1.99,6.86
5/24/1975,2.33,6.86
5/25/1975,1.63,10.94
5/26/1975,2.64,9.60
5/27/1975,1.83,10.46
5/28/1975,1.78,9.70
5/29/1975,1.46,9.70
5/30/1975,1.61,28.61
5/31/1975,3.54,17.38
6/1/1975,2.43,20.45
6/2/1975,3.73,22.46
6/3/1975,3.76,16.32
6/4/1975,2.39,13.44
6/5/1975,2.83,12.96
6/6/1975,2.46,12.00
6/7/1975,1.89,11.33
6/8/1975,1.63,10.85
6/9/1975,1.46,10.18
6/10/1975,1.40,11.42
6/11/1975,14.11,35.90
6/12/1975,10.54,20.26
6/13/1975,6.58,16.99
6/14/1975,10.12,15.26
6/15/1975,7.12,15.46
6/16/1975,5.21,12.38
6/17/1975,3.93,10.85
6/18/1975,3.08,9.89
6/19/1975,2.63,9.30
6/20/1975,2.46,9.42
6/21/1975,2.56,9.98
6/22/1975,3.07,9.98
6/23/1975,3.28,9.89
6/24/1975,5.02,16.03
6/25/1975,4.46,12.67
6/26/1975,3.85,10.85
6/27/1975,9.20,16.70
6/28/1975,7.26,16.90
6/29/1975,11.16,25.25
6/30/1975,12.78,43.58
7/1/1975,6.89,20.06
7/2/1975,4.77,16.22
7/3/1975,7.24,13.44
7/4/1975,10.43,13.54
7/5/1975,6.42,16.03
7/6/1975,5.56,12.38
7/7/1975,5.21,13.92
7/8/1975,4.38,11.42
7/9/1975,5.11,27.26
7/10/1975,3.93,14.59
7/11/1975,6.25,14.59
7/12/1975,7.96,20.35
7/13/1975,7.57,15.94
7/14/1975,7.18,13.34
7/15/1975,8.34,19.97
7/16/1975,9.83,15.94
7/17/1975,5.03,12.86
7/18/1975,5.66,13.92
7/19/1975,4.69,12.00
7/20/1975,3.93,10.85
7/21/1975,3.58,10.27
7/22/1975,5.44,9.60
7/23/1975,3.50,9.01
7/24/1975,2.96,8.72
7/25/1975,2.70,9.70
7/26/1975,2.79,14.78
7/27/1975,2.85,16.99
7/28/1975,4.75,19.30
7/29/1975,4.90,14.98
7/30/1975,14.51,28.51
7/31/1975,3.51,24.38
8/1/1975,10.46,18.34
8/2/1975,7.04,14.98
8/3/1975,16.82,86.78
8/4/1975,19.26,80.64
8/5/1975,14.92,61.34
8/6/1975,14.78,52.99
8/7/1975,14.65,40.22
8/8/1975,8.44,30.82
8/9/1975,6.70,32.74
8/10/1975,5.53,12.86
8/11/1975,4.61,10.85
8/12/1975,5.05,13.44
8/13/1975,7.65,31.78
8/14/1975,7.72,38.59
8/15/1975,7.37,32.16
8/16/1975,6.43,10.08
8/17/1975,5.02,11.81
8/18/1975,11.39,44.54
8/19/1975,10.67,30.82
8/20/1975,6.33,50.21
8/21/1975,5.71,19.20
8/22/1975,5.10,14.98
8/23/1975,3.78,9.31
8/24/1975,7.15,16.22
8/25/1975,10.63,20.83
8/26/1975,9.70,30.14
8/27/1975,6.24,20.16
8/28/1975,5.62,20.54
8/29/1975,17.09,43.30
8/30/1975,15.60,25.73
8/31/1975,7.42,18.82
9/1/1975,5.71,15.84
9/2/1975,4.44,14.98
9/3/1975,3.76,12.58
9/4/1975,3.49,12.86
9/5/1975,4.99,15.84
9/6/1975,8.87,17.76
9/7/1975,13.83,17.28
9/8/1975,9.39,18.82
9/9/1975,12.76,22.08
9/10/1975,12.82,20.64
9/11/1975,10.55,33.79
9/12/1975,13.70,23.52
9/13/1975,8.98,21.60
9/14/1975,6.82,21.79
9/15/1975,8.11,16.13
9/16/1975,7.05,15.17
9/17/1975,6.01,28.90
9/18/1975,5.97,15.36
9/19/1975,4.61,13.06
9/20/1975,3.73,13.44
9/21/1975,3.73,11.62
9/22/1975,5.29,12.96
9/23/1975,6.47,12.38
9/24/1975,4.75,10.37
9/25/1975,3.61,8.31
9/26/1975,3.24,9.36
9/27/1975,3.38,8.68
9/28/1975,3.02,7.39
9/29/1975,4.00,8.33
9/30/1975,4.99,8.48
10/1/1975,4.07,8.65
10/2/1975,3.17,8.83
10/3/1975,4.79,9.98
10/4/1975,3.85,8.82
10/5/1975,3.50,7.74
10/6/1975,3.62,8.96
10/7/1975,3.69,8.52
10/8/1975,3.92,12.48
10/9/1975,5.95,30.53
10/10/1975,7.88,24.19
10/11/1975,11.23,23.90
10/12/1975,5.95,19.30
10/13/1975,4.86,19.49
10/14/1975,4.27,15.94
10/15/1975,4.12,13.73
10/16/1975,5.55,16.90
10/17/1975,6.70,17.28
10/18/1975,6.32,64.13
10/19/1975,8.44,75.84
10/20/1975,5.52,67.97
10/21/1975,4.90,64.99
10/22/1975,4.14,28.22
10/23/1975,3.84,27.17
10/24/1975,3.34,25.15
10/25/1975,3.19,24.77
10/26/1975,9.51,45.70
10/27/1975,15.06,58.37
10/28/1975,7.85,41.38
10/29/1975,13.02,54.24
10/30/1975,15.60,59.14
10/31/1975,20.62,68.74
11/1/1975,12.29,52.90
11/2/1975,8.92,44.45
11/3/1975,9.75,46.27
11/4/1975,8.49,43.20
11/5/1975,7.99,41.38
11/6/1975,22.11,71.81
11/7/1975,19.67,67.20
11/8/1975,14.24,62.02
11/9/1975,21.02,52.90
11/10/1975,13.37,44.45
11/11/1975,10.66,42.53
11/12/1975,11.04,37.82
11/13/1975,9.03,34.94
11/14/1975,11.79,51.55
11/15/1975,21.29,69.50
11/16/1975,20.89,69.50
11/17/1975,10.63,48.19
11/18/1975,8.07,41.95
11/19/1975,6.77,30.72
11/20/1975,6.05,33.31
11/21/1975,8.11,46.94
11/22/1975,6.32,35.52
11/23/1975,10.63,84.10
11/24/1975,16.41,67.97
11/25/1975,10.31,68.74
11/26/1975,13.28,59.81
11/27/1975,10.48,45.02
11/28/1975,7.38,37.82
11/29/1975,7.16,33.31
11/30/1975,6.32,32.26
12/1/1975,8.38,41.38
12/2/1975,9.63,33.89
12/3/1975,6.43,32.83
12/4/1975,5.48,31.20
12/5/1975,4.69,28.13
12/6/1975,26.58,66.43
12/7/1975,24.28,62.69
12/8/1975,23.33,76.61
12/9/1975,23.19,71.81
12/10/1975,13.06,63.46
12/11/1975,11.41,58.37
12/12/1975,51.00,96.96
12/13/1975,94.40,121.92
12/14/1975,101.05,100.80
12/15/1975,35.27,90.05
12/16/1975,17.36,62.69
12/17/1975,12.26,52.90
12/18/1975,9.49,45.70
12/19/1975,8.11,41.95
12/20/1975,6.66,37.25
12/21/1975,5.75,33.98
12/22/1975,5.30,32.83
12/23/1975,4.99,31.78
12/24/1975,4.88,31.78
12/25/1975,4.44,29.66
12/26/1975,4.45,30.14
12/27/1975,3.81,27.65
12/28/1975,3.49,25.63
12/29/1975,3.16,24.29
12/30/1975,3.05,23.81
12/31/1975,2.90,22.85
1/1/1976,2.69,21.12
1/2/1976,2.56,6.70
1/3/1976,2.54,6.60
1/4/1976,2.44,6.38
1/5/1976,2.62,20.74
1/6/1976,2.58,20.64
1/7/1976,2.39,6.30
1/8/1976,2.14,5.74
1/9/1976,2.43,6.34
1/10/1976,3.20,24.77
1/11/1976,4.11,28.13
1/12/1976,2.89,22.85
1/13/1976,2.46,6.58
1/14/1976,2.35,6.29
1/15/1976,2.67,21.50
1/16/1976,3.91,27.17
1/17/1976,5.15,32.26
1/18/1976,31.60,85.15
1/19/1976,33.77,87.74
1/20/1976,12.33,52.70
1/21/1976,7.58,40.13
1/22/1976,5.67,29.09
1/23/1976,4.90,11.14
1/24/1976,4.45,10.46
1/25/1976,3.88,9.79
1/26/1976,3.62,8.91
1/27/1976,4.16,10.27
1/28/1976,5.97,9.98
1/29/1976,4.60,8.77
1/30/1976,3.58,7.99
1/31/1976,3.26,8.63
2/1/1976,3.21,7.86
2/2/1976,2.88,7.13
2/3/1976,2.66,6.64
2/4/1976,2.56,6.26
2/5/1976,2.40,5.88
2/6/1976,2.28,5.95
2/7/1976,2.48,7.20
2/8/1976,0.18,6.02
2/9/1976,2.14,5.67
2/10/1976,2.67,17.66
2/11/1976,9.78,54.82
2/12/1976,6.28,18.91
2/13/1976,4.04,12.29
2/14/1976,4.79,10.66
2/15/1976,3.40,9.24
2/16/1976,4.42,9.01
2/17/1976,4.63,8.21
2/18/1976,3.38,7.52
2/19/1976,3.00,7.01
2/20/1976,2.64,6.53
2/21/1976,2.51,6.17
2/22/1976,2.43,6.77
2/23/1976,2.79,7.08
2/24/1976,2.51,6.40
2/25/1976,2.13,5.76
2/26/1976,2.12,5.64
2/27/1976,2.03,5.36
2/28/1976,2.36,6.55
2/29/1976,2.17,5.71
3/1/1976,1.93,5.22
3/2/1976,1.84,4.98
3/3/1976,1.72,4.80
3/4/1976,1.72,4.61
3/5/1976,1.60,4.44
3/6/1976,1.68,4.58
3/7/1976,1.56,4.33
3/8/1976,1.46,4.15
3/9/1976,1.57,4.06
3/10/1976,1.44,3.96
3/11/1976,1.38,3.85
3/12/1976,1.40,4.02
3/13/1976,1.38,3.93
3/14/1976,1.35,3.82
3/15/1976,1.94,5.26
3/16/1976,1.83,5.03
3/17/1976,2.08,5.58
3/18/1976,1.84,5.04
3/19/1976,1.99,5.39
3/20/1976,2.14,5.73
3/21/1976,2.28,6.08
3/22/1976,2.46,6.42
3/23/1976,2.63,6.78
3/24/1976,2.21,5.51
3/25/1976,1.67,4.71
3/26/1976,1.46,4.33
3/27/1976,1.38,4.21
3/28/1976,1.38,4.10
3/29/1976,1.30,3.98
3/30/1976,1.26,3.87
3/31/1976,1.26,3.75
4/1/1976,1.26,3.64
4/2/1976,1.21,3.52
4/3/1976,1.17,3.41
4/4/1976,1.13,3.32
4/5/1976,1.09,3.20
4/6/1976,1.06,3.14
4/7/1976,1.03,3.07
4/8/1976,1.06,3.10
4/9/1976,1.33,3.79
4/10/1976,2.02,5.54
4/11/1976,1.55,4.06
4/12/1976,1.17,3.43
4/13/1976,1.11,3.26
4/14/1976,1.05,3.10
4/15/1976,1.16,3.40
4/16/1976,1.23,3.61
4/17/1976,1.06,3.17
4/18/1976,1.04,3.12
4/19/1976,6.65,14.98
4/20/1976,4.41,10.56
4/21/1976,2.14,5.67
4/22/1976,1.70,4.74
4/23/1976,1.59,4.24
4/24/1976,1.67,4.67
4/25/1976,1.95,5.24
4/26/1976,1.70,4.67
4/27/1976,1.70,5.24
4/28/1976,1.95,6.74
4/29/1976,2.60,13.15
4/30/1976,5.59,6.74
5/1/1976,3.16,8.93
5/2/1976,6.92,20.16
5/3/1976,8.99,22.46
5/4/1976,9.36,20.06
5/5/1976,6.82,14.78
5/6/1976,4.60,9.98
5/7/1976,3.74,8.92
5/8/1976,3.45,8.60
5/9/1976,4.48,14.30
5/10/1976,7.37,12.58
5/11/1976,5.06,11.23
5/12/1976,12.75,19.58
5/13/1976,8.27,14.11
5/14/1976,6.24,11.42
5/15/1976,5.15,9.89
5/16/1976,4.35,8.77
5/17/1976,5.29,10.08
5/18/1976,8.27,14.11
5/19/1976,5.43,10.27
5/20/1976,4.11,8.88
5/21/1976,4.38,16.13
5/22/1976,5.78,10.85
5/23/1976,4.75,11.14
5/24/1976,5.78,11.52
5/25/1976,3.96,8.09
5/26/1976,3.97,8.10
5/27/1976,5.59,10.46
5/28/1976,7.20,12.86
5/29/1976,12.11,18.62
5/30/1976,6.52,11.90
5/31/1976,5.81,10.94
6/1/1976,4.60,9.04
6/2/1976,3.80,7.87
6/3/1976,8.44,14.50
6/4/1976,6.43,11.71
6/5/1976,6.74,13.82
6/6/1976,5.62,12.38
6/7/1976,6.46,13.92
6/8/1976,6.14,12.19
6/9/1976,4.82,12.38
6/10/1976,4.35,11.33
6/11/1976,4.19,10.66
6/12/1976,3.70,9.98
6/13/1976,4.48,9.79
6/14/1976,5.53,9.28
6/15/1976,4.06,38.98
6/16/1976,7.26,45.22
6/17/1976,7.83,21.02
6/18/1976,4.90,15.46
6/19/1976,4.20,13.92
6/20/1976,6.63,12.67
6/21/1976,5.13,11.42
6/22/1976,4.67,9.18
6/23/1976,3.88,7.97
6/24/1976,3.84,7.92
6/25/1976,6.10,11.23
6/26/1976,11.18,17.28
6/27/1976,7.20,13.15
6/28/1976,5.06,11.52
6/29/1976,4.54,13.54
6/30/1976,6.10,12.10
7/1/1976,4.53,10.75
7/2/1976,3.96,10.08
7/3/1976,4.29,9.79
7/4/1976,8.75,14.78
7/5/1976,11.95,18.72
7/6/1976,6.56,12.00
7/7/1976,4.82,9.41
7/8/1976,4.79,9.39
7/9/1976,4.11,8.39
7/10/1976,4.01,12.86
7/11/1976,7.62,16.80
7/12/1976,5.94,12.19
7/13/1976,4.44,11.04
7/14/1976,3.73,62.02
7/15/1976,3.47,61.54
7/16/1976,7.93,31.78
7/17/1976,28.08,21.41
7/18/1976,29.57,37.06
7/19/1976,14.38,21.50
7/20/1976,79.35,78.14
7/21/1976,46.79,52.22
7/22/1976,17.23,24.67
7/23/1976,11.11,17.66
7/24/1976,8.94,15.07
7/25/1976,9.66,15.84
7/26/1976,14.65,21.89
7/27/1976,14.38,21.50
7/28/1976,9.44,15.55
7/29/1976,14.38,36.58
7/30/1976,45.84,185.28
7/31/1976,61.04,73.82
8/1/1976,138.35,159.36
8/2/1976,30.92,39.55
8/3/1976,15.19,25.44
8/4/1976,11.34,17.95
8/5/1976,8.59,13.44
8/6/1976,8.44,12.38
8/7/1976,7.55,11.52
8/8/1976,7.55,10.85
8/9/1976,5.95,9.60
8/10/1976,5.62,44.93
8/11/1976,5.86,13.92
8/12/1976,4.98,11.81
8/13/1976,4.65,18.91
8/14/1976,4.53,11.23
8/15/1976,4.04,10.18
8/16/1976,3.80,9.45
8/17/1976,3.58,9.02
8/18/1976,3.43,8.22
8/19/1976,3.13,7.71
8/20/1976,2.93,7.22
8/21/1976,3.05,7.24
8/22/1976,4.68,7.53
8/23/1976,3.57,12.38
8/24/1976,5.91,9.60
8/25/1976,5.41,10.27
8/26/1976,5.82,10.56
8/27/1976,6.10,10.85
8/28/1976,4.22,9.00
8/29/1976,10.20,31.10
8/30/1976,8.42,13.15
8/31/1976,4.98,11.14
9/1/1976,4.31,17.95
9/2/1976,4.48,14.11
9/3/1976,4.96,12.29
9/4/1976,5.75,12.48
9/5/1976,5.18,13.63
9/6/1976,4.69,12.29
9/7/1976,3.69,11.42
9/8/1976,53.85,127.68
9/9/1976,46.66,55.78
9/10/1976,11.52,26.21
9/11/1976,9.39,22.46
9/12/1976,7.01,14.02
9/13/1976,5.82,12.29
9/14/1976,8.67,13.44
9/15/1976,16.82,21.22
9/16/1976,23.46,19.87
9/17/1976,11.04,14.21
9/18/1976,7.77,12.00
9/19/1976,9.29,11.33
9/20/1976,4.27,10.18
9/21/1976,6.31,9.15
9/22/1976,5.94,8.76
9/23/1976,7.49,8.20
9/24/1976,8.21,7.97
9/25/1976,6.29,7.81
9/26/1976,5.21,7.48
9/27/1976,4.60,7.54
9/28/1976,5.03,7.14
9/29/1976,6.00,7.60
9/30/1976,4.80,7.60
10/1/1976,4.84,7.65
10/2/1976,6.35,8.35
10/3/1976,5.66,10.85
10/4/1976,5.11,8.42
10/5/1976,7.57,10.94
10/6/1976,5.62,10.27
10/7/1976,4.44,8.95
10/8/1976,4.04,8.22
10/9/1976,4.18,8.23
10/10/1976,4.03,9.34
10/11/1976,3.70,8.22
10/12/1976,4.72,12.58
10/13/1976,4.67,9.52
10/14/1976,8.44,10.94
10/15/1976,7.28,11.42
10/16/1976,4.77,13.25
10/17/1976,4.20,9.60
10/18/1976,3.88,10.85
10/19/1976,3.26,10.66
10/20/1976,3.57,10.08
10/21/1976,4.25,9.48
10/22/1976,3.59,9.55
10/23/1976,3.49,8.95
10/24/1976,2.89,8.31
10/25/1976,3.74,7.71
10/26/1976,4.04,8.24
10/27/1976,3.82,7.90
10/28/1976,3.54,7.38
10/29/1976,3.39,7.16
10/30/1976,3.30,6.98
10/31/1976,3.17,6.84
11/1/1976,3.57,7.44
11/2/1976,5.43,10.27
11/3/1976,3.76,7.74
11/4/1976,16.82,24.38
11/5/1976,97.66,91.49
11/6/1976,45.03,50.88
11/7/1976,29.43,36.86
11/8/1976,97.52,91.20
11/9/1976,24.14,31.97
11/10/1976,11.60,18.24
11/11/1976,8.18,14.02
11/12/1976,6.33,11.52
11/13/1976,5.19,9.89
11/14/1976,4.34,8.67
11/15/1976,5.37,10.18
11/16/1976,4.61,8.37
11/17/1976,3.59,7.50
11/18/1976,3.26,6.93
11/19/1976,2.96,6.47
11/20/1976,3.27,6.94
11/21/1976,2.90,6.40
11/22/1976,3.31,7.04
11/23/1976,4.46,6.91
11/24/1976,5.81,13.15
11/25/1976,18.31,22.94
11/26/1976,10.65,10.37
11/27/1976,5.02,8.70
11/28/1976,4.08,7.84
11/29/1976,3.64,7.39
11/30/1976,3.57,6.55
12/1/1976,3.15,5.90
12/2/1976,2.89,5.71
12/3/1976,3.11,5.82
12/4/1976,2.56,5.79
12/5/1976,2.56,5.80
12/6/1976,2.55,5.81
12/7/1976,2.55,5.82
12/8/1976,2.54,5.83
12/9/1976,2.58,5.84
12/10/1976,96.17,91.58
12/11/1976,39.06,36.67
12/12/1976,67.68,52.99
12/13/1976,71.07,54.43
12/14/1976,35.54,34.27
12/15/1976,14.24,21.31
12/16/1976,13.12,20.06
12/17/1976,33.91,33.41
12/18/1976,13.83,20.54
12/19/1976,9.45,15.65
12/20/1976,7.77,13.54
12/21/1976,6.90,12.29
12/22/1976,6.36,11.71
12/23/1976,4.77,9.79
12/24/1976,4.15,8.42
12/25/1976,3.78,7.42
12/26/1976,3.95,7.41
12/27/1976,3.88,11.04
12/28/1976,3.61,7.54
12/29/1976,3.23,6.92
12/30/1976,3.02,6.56
12/31/1976,2.82,6.30
1/1/1977,3.09,6.07
1/2/1977,3.01,5.85
1/3/1977,2.86,5.62
1/4/1977,2.82,5.39
1/5/1977,2.79,5.16
1/6/1977,2.71,4.93
1/7/1977,2.52,4.70
1/8/1977,2.41,4.71
1/9/1977,2.32,4.72
1/10/1977,2.28,4.72
1/11/1977,2.16,4.73
1/12/1977,2.24,4.74
1/13/1977,1.84,4.55
1/14/1977,1.94,4.69
1/15/1977,2.08,4.95
1/16/1977,2.02,4.81
1/17/1977,2.73,6.12
1/18/1977,2.82,6.22
1/19/1977,10.31,16.70
1/20/1977,23.46,25.34
1/21/1977,18.45,25.73
1/22/1977,17.23,24.67
1/23/1977,42.05,38.50
1/24/1977,18.85,26.40
1/25/1977,9.64,15.84
1/26/1977,6.69,12.10
1/27/1977,5.66,10.56
1/28/1977,4.87,9.43
1/29/1977,4.14,8.37
1/30/1977,3.66,7.66
1/31/1977,3.42,7.17
2/1/1977,3.26,7.00
2/2/1977,2.98,6.64
2/3/1977,2.82,6.31
2/4/1977,1.78,6.58
2/5/1977,1.79,5.50
2/6/1977,1.82,5.38
2/7/1977,1.83,5.97
2/8/1977,1.82,5.43
2/9/1977,1.79,5.22
2/10/1977,1.78,4.96
2/11/1977,1.76,4.69
2/12/1977,1.75,4.78
2/13/1977,1.74,4.49
2/14/1977,1.72,4.33
2/15/1977,1.67,4.22
2/16/1977,1.65,4.28
2/17/1977,1.65,4.17
2/18/1977,1.64,3.92
2/19/1977,1.63,4.14
2/20/1977,1.57,3.79
2/21/1977,1.51,3.84
2/22/1977,1.48,4.00
2/23/1977,1.46,3.62
2/24/1977,1.44,3.48
2/25/1977,2.06,5.93
2/26/1977,2.48,5.38
2/27/1977,1.83,4.16
2/28/1977,2.67,9.43
3/1/1977,4.19,9.18
3/2/1977,5.60,25.63
3/3/1977,4.80,12.38
3/4/1977,3.26,8.85
3/5/1977,4.12,8.44
3/6/1977,4.37,8.79
3/7/1977,8.92,14.98
3/8/1977,26.04,27.55
3/9/1977,9.77,19.58
3/10/1977,5.97,11.04
3/11/1977,4.26,8.57
3/12/1977,3.72,7.69
3/13/1977,2.96,7.48
3/14/1977,2.96,6.71
3/15/1977,3.31,8.42
3/16/1977,3.13,6.61
3/17/1977,2.70,5.89
3/18/1977,2.48,5.39
3/19/1977,2.39,4.92
3/20/1977,2.28,5.01
3/21/1977,2.03,5.16
3/22/1977,1.84,6.53
3/23/1977,1.83,7.14
3/24/1977,1.83,5.65
3/25/1977,1.67,5.30
3/26/1977,1.65,4.82
3/27/1977,1.59,4.44
3/28/1977,1.53,4.18
3/29/1977,1.70,4.20
3/30/1977,9.79,11.62
3/31/1977,10.55,11.62
4/1/1977,7.53,8.85
4/2/1977,4.44,7.14
4/3/1977,3.28,6.22
4/4/1977,2.75,5.65
4/5/1977,2.46,5.23
4/6/1977,1.78,5.46
4/7/1977,2.16,5.22
4/8/1977,1.99,4.84
4/9/1977,1.94,6.26
4/10/1977,1.89,5.16
4/11/1977,1.89,4.60
4/12/1977,2.28,4.69
4/13/1977,2.28,5.46
4/14/1977,1.80,8.10
4/15/1977,1.94,6.65
4/16/1977,1.89,6.05
4/17/1977,3.78,5.76
4/18/1977,2.63,5.99
4/19/1977,2.54,6.06
4/20/1977,2.16,5.74
4/21/1977,4.07,8.27
4/22/1977,8.14,17.66
4/23/1977,5.55,8.00
4/24/1977,4.16,6.36
4/25/1977,4.29,6.62
4/26/1977,7.81,10.27
4/27/1977,5.21,7.59
4/28/1977,4.75,7.08
4/29/1977,3.99,6.25
4/30/1977,3.64,5.71
5/1/1977,2.46,6.68
5/2/1977,2.64,7.60
5/3/1977,2.74,7.10
5/4/1977,2.79,6.76
5/5/1977,2.82,6.69
5/6/1977,4.91,6.51
5/7/1977,4.84,6.36
5/8/1977,4.22,7.99
5/9/1977,3.53,7.68
5/10/1977,3.45,7.11
5/11/1977,4.15,6.56
5/12/1977,3.53,6.16
5/13/1977,2.93,5.85
5/14/1977,2.82,5.66
5/15/1977,2.92,5.66
5/16/1977,3.53,5.51
5/17/1977,3.12,6.22
5/18/1977,2.71,6.23
5/19/1977,2.51,6.98
5/20/1977,2.39,7.03
5/21/1977,2.35,7.90
5/22/1977,2.33,6.83
5/23/1977,2.32,7.14
5/24/1977,13.70,7.32
5/25/1977,7.99,6.29
5/26/1977,4.91,6.13
5/27/1977,9.85,7.58
5/28/1977,9.49,8.47
5/29/1977,8.44,7.99
5/30/1977,11.66,12.19
5/31/1977,8.45,22.94
6/1/1977,8.97,25.06
6/2/1977,11.61,26.69
6/3/1977,6.82,15.94
6/4/1977,4.99,14.30
6/5/1977,4.00,20.26
6/6/1977,3.46,18.34
6/7/1977,3.20,12.96
6/8/1977,3.08,18.82
6/9/1977,2.74,13.06
6/10/1977,3.20,10.46
6/11/1977,4.07,9.48
6/12/1977,12.23,14.69
6/13/1977,8.65,11.14
6/14/1977,8.36,12.19
6/15/1977,7.53,13.25
6/16/1977,20.35,10.27
6/17/1977,12.61,13.06
6/18/1977,13.56,22.46
6/19/1977,20.07,15.74
6/20/1977,15.19,11.81
6/21/1977,27.67,11.04
6/22/1977,24.41,10.75
6/23/1977,17.63,12.10
6/24/1977,13.70,11.52
6/25/1977,10.85,27.07
6/26/1977,10.04,21.12
6/27/1977,9.63,36.38
6/28/1977,9.60,52.51
6/29/1977,9.85,28.70
6/30/1977,9.41,20.06
7/1/1977,8.11,22.46
7/2/1977,7.60,22.18
7/3/1977,7.05,21.22
7/4/1977,6.51,18.14
7/5/1977,6.24,17.57
7/6/1977,5.94,15.74
7/7/1977,5.67,14.02
7/8/1977,5.36,12.00
7/9/1977,5.29,12.58
7/10/1977,4.88,18.43
7/11/1977,4.34,43.20
7/12/1977,3.80,41.28
7/13/1977,3.39,43.20
7/14/1977,2.78,32.83
7/15/1977,7.32,32.64
7/16/1977,19.26,35.71
7/17/1977,10.86,25.82
7/18/1977,5.09,39.84
7/19/1977,3.66,30.62
7/20/1977,3.12,28.80
7/21/1977,2.79,43.87
7/22/1977,2.51,24.29
7/23/1977,2.31,29.86
7/24/1977,2.21,31.78
7/25/1977,2.36,68.45
7/26/1977,4.06,23.90
7/27/1977,2.59,17.76
7/28/1977,2.31,13.06
7/29/1977,2.46,12.67
7/30/1977,3.40,23.23
7/31/1977,4.18,15.84
8/1/1977,3.53,15.55
8/2/1977,2.71,13.25
8/3/1977,2.41,15.84
8/4/1977,2.18,16.13
8/5/1977,2.12,12.48
8/6/1977,2.13,17.28
8/7/1977,2.12,18.62
8/8/1977,2.89,33.50
8/9/1977,2.90,33.79
8/10/1977,3.66,22.85
8/11/1977,2.75,17.28
8/12/1977,2.79,13.34
8/13/1977,2.66,11.33
8/14/1977,2.52,10.27
8/15/1977,2.36,9.38
8/16/1977,2.32,15.94
8/17/1977,1.99,11.42
8/18/1977,1.94,15.07
8/19/1977,1.90,12.10
8/20/1977,1.84,10.27
8/21/1977,1.79,9.32
8/22/1977,1.75,13.15
8/23/1977,1.70,10.75
8/24/1977,1.65,9.23
8/25/1977,1.60,10.18
8/26/1977,1.55,11.81
8/27/1977,1.51,13.63
8/28/1977,1.45,12.00
8/29/1977,1.40,10.46
8/30/1977,1.35,9.48
8/31/1977,1.30,8.36
9/1/1977,1.26,7.80
9/2/1977,1.21,7.46
9/3/1977,1.16,7.17
9/4/1977,1.12,6.94
9/5/1977,1.13,6.69
9/6/1977,1.13,6.65
9/7/1977,1.13,8.01
9/8/1977,1.14,8.04
9/9/1977,1.14,28.03
9/10/1977,1.14,13.92
9/11/1977,1.15,19.87
9/12/1977,1.15,11.90
9/13/1977,1.16,9.79
9/14/1977,1.20,8.84
9/15/1977,2.69,9.40
9/16/1977,2.03,8.72
9/17/1977,1.29,8.55
9/18/1977,1.45,10.08
9/19/1977,1.44,9.07
9/20/1977,1.42,8.82
9/21/1977,1.41,7.90
9/22/1977,1.40,7.24
9/23/1977,1.38,6.76
9/24/1977,1.37,17.18
9/25/1977,1.35,13.34
9/26/1977,1.34,9.98
9/27/1977,1.33,17.18
9/28/1977,1.31,12.77
9/29/1977,1.30,13.44
9/30/1977,1.28,11.33
10/1/1977,1.27,10.08
10/2/1977,5.72,11.33
10/3/1977,60.36,18.24
10/4/1977,14.24,10.75
10/5/1977,6.52,8.84
10/6/1977,4.52,7.90
10/7/1977,3.80,7.93
10/8/1977,3.39,8.65
10/9/1977,3.08,7.32
10/10/1977,4.41,6.83
10/11/1977,47.88,6.42
10/12/1977,10.77,6.23
10/13/1977,6.46,10.85
10/14/1977,4.96,15.74
10/15/1977,4.15,13.63
10/16/1977,3.80,21.22
10/17/1977,3.46,21.79
10/18/1977,3.15,15.17
10/19/1977,2.90,12.19
10/20/1977,2.74,15.65
10/21/1977,2.69,13.44
10/22/1977,2.96,14.69
10/23/1977,25.23,15.65
10/24/1977,15.19,15.65
10/25/1977,8.98,12.29
10/26/1977,6.06,10.18
10/27/1977,4.83,9.09
10/28/1977,4.07,8.77
10/29/1977,3.46,8.25
10/30/1977,3.15,7.79
10/31/1977,2.97,7.46
11/1/1977,2.79,7.10
11/2/1977,2.69,10.75
11/3/1977,2.60,7.90
11/4/1977,2.39,7.10
11/5/1977,2.17,6.56
11/6/1977,2.12,8.79
11/7/1977,2.08,8.42
11/8/1977,2.02,7.53
11/9/1977,1.97,6.62
11/10/1977,1.91,6.23
11/11/1977,1.87,6.10
11/12/1977,1.82,18.91
11/13/1977,1.76,31.58
11/14/1977,1.65,14.21
11/15/1977,2.69,12.00
11/16/1977,1.94,9.98
11/17/1977,1.89,9.11
11/18/1977,1.82,8.48
11/19/1977,1.76,7.79
11/20/1977,1.71,7.46
11/21/1977,1.64,6.96
11/22/1977,1.59,7.45
11/23/1977,1.52,6.62
11/24/1977,1.46,6.16
11/25/1977,1.98,5.85
11/26/1977,1.98,5.85
11/27/1977,3.39,6.67
11/28/1977,3.53,5.72
11/29/1977,3.39,5.88
11/30/1977,2.59,9.34
12/1/1977,1.61,8.61
12/2/1977,1.56,6.77
12/3/1977,1.52,6.42
12/4/1977,1.60,6.23
12/5/1977,1.67,5.66
12/6/1977,1.64,5.44
12/7/1977,1.59,4.90
12/8/1977,1.52,4.98
12/9/1977,1.51,5.77
12/10/1977,1.49,6.13
12/11/1977,1.61,5.54
12/12/1977,1.90,5.73
12/13/1977,2.12,6.30
12/14/1977,2.03,6.36
12/15/1977,1.89,5.77
12/16/1977,1.71,6.29
12/17/1977,1.61,5.60
12/18/1977,1.53,5.36
12/19/1977,1.49,5.13
12/20/1977,1.37,4.79
12/21/1977,1.34,4.46
12/22/1977,1.42,4.21
12/23/1977,1.59,4.06
12/24/1977,1.80,4.30
12/25/1977,1.72,4.05
12/26/1977,1.56,3.80
12/27/1977,1.53,3.87
12/28/1977,1.37,3.88
12/29/1977,1.37,3.66
12/30/1977,1.27,3.50
12/31/1977,2.10,3.45
1/1/1978,2.01,3.43
1/2/1978,1.49,3.41
1/3/1978,1.45,3.38
1/4/1978,1.64,3.36
1/5/1978,1.89,3.34
1/6/1978,2.25,3.32
1/7/1978,2.50,3.29
1/8/1978,1.94,3.27
1/9/1978,1.68,3.25
1/10/1978,1.56,3.26
1/11/1978,1.60,3.27
1/12/1978,1.55,3.28
1/13/1978,1.48,3.29
1/14/1978,1.60,3.30
1/15/1978,1.79,8.37
1/16/1978,2.21,14.40
1/17/1978,2.33,6.36
1/18/1978,2.97,5.07
1/19/1978,2.08,4.79
1/20/1978,1.91,4.90
1/21/1978,1.93,4.73
1/22/1978,1.84,4.51
1/23/1978,2.12,4.51
1/24/1978,3.73,4.51
1/25/1978,3.46,4.10
1/26/1978,4.76,4.97
1/27/1978,3.39,4.72
1/28/1978,4.15,4.91
1/29/1978,4.83,4.57
1/30/1978,3.59,4.15
1/31/1978,2.32,4.05
2/1/1978,2.43,4.73
2/2/1978,3.02,41.76
2/3/1978,3.53,155.52
2/4/1978,2.77,56.54
2/5/1978,4.52,23.04
2/6/1978,3.80,19.20
2/7/1978,3.34,15.17
2/8/1978,2.74,13.54
2/9/1978,4.45,11.52
2/10/1978,3.53,36.58
2/11/1978,3.15,111.36
2/12/1978,3.27,41.18
2/13/1978,3.15,24.67
2/14/1978,2.69,19.20
2/15/1978,2.44,16.32
2/16/1978,2.33,14.59
2/17/1978,2.33,12.58
2/18/1978,2.37,10.94
2/19/1978,2.90,9.98
2/20/1978,2.02,9.15
2/21/1978,4.91,8.38
2/22/1978,2.63,7.56
2/23/1978,2.32,68.93
2/24/1978,2.10,88.70
2/25/1978,2.90,36.58
2/26/1978,2.58,23.42
2/27/1978,6.43,17.09
2/28/1978,8.14,13.54
3/1/1978,3.93,12.86
3/2/1978,3.27,11.52
3/3/1978,3.46,10.27
3/4/1978,4.99,12.10
3/5/1978,6.24,11.23
3/6/1978,3.87,9.70
3/7/1978,3.15,9.15
3/8/1978,2.90,8.74
3/9/1978,2.69,7.90
3/10/1978,5.43,7.03
3/11/1978,5.86,7.72
3/12/1978,3.73,7.43
3/13/1978,3.53,6.99
3/14/1978,3.15,8.47
3/15/1978,4.68,5.64
3/16/1978,3.53,5.76
3/17/1978,3.80,6.47
3/18/1978,8.23,11.42
3/19/1978,5.51,6.61
3/20/1978,3.73,5.89
3/21/1978,2.90,5.18
3/22/1978,5.17,4.64
3/23/1978,4.00,6.05
3/24/1978,3.08,5.21
3/25/1978,4.68,4.72
3/26/1978,4.52,4.14
3/27/1978,3.27,3.83
3/28/1978,2.77,9.31
3/29/1978,2.71,12.29
3/30/1978,3.20,17.09
3/31/1978,3.59,34.85
4/1/1978,5.59,19.97
4/2/1978,3.80,16.03
4/3/1978,4.07,14.02
4/4/1978,3.39,12.10
4/5/1978,4.99,13.92
4/6/1978,4.76,13.15
4/7/1978,4.00,11.04
4/8/1978,4.00,9.02
4/9/1978,13.97,8.03
4/10/1978,8.53,7.11
4/11/1978,5.09,6.48
4/12/1978,3.93,5.96
4/13/1978,3.39,5.80
4/14/1978,4.37,15.55
4/15/1978,4.30,10.75
4/16/1978,3.02,8.52
4/17/1978,2.79,8.14
4/18/1978,2.74,8.34
4/19/1978,2.63,7.22
4/20/1978,2.79,6.18
4/21/1978,2.58,5.70
4/22/1978,2.36,5.35
4/23/1978,2.27,5.38
4/24/1978,2.16,5.17
4/25/1978,2.21,6.62
4/26/1978,2.17,6.53
4/27/1978,2.44,7.11
4/28/1978,2.85,6.26
4/29/1978,3.15,7.94
4/30/1978,3.53,8.45
5/1/1978,3.27,6.18
5/2/1978,4.00,5.75
5/3/1978,2.77,6.97
5/4/1978,2.52,8.88
5/5/1978,2.85,7.16
5/6/1978,7.23,7.05
5/7/1978,7.34,12.29
5/8/1978,3.34,9.98
5/9/1978,4.30,11.62
5/10/1978,3.73,12.38
5/11/1978,3.15,10.37
5/12/1978,2.74,8.27
5/13/1978,2.28,7.79
5/14/1978,2.70,8.03
5/15/1978,2.97,7.56
5/16/1978,2.52,8.73
5/17/1978,5.59,13.54
5/18/1978,12.00,19.78
5/19/1978,7.65,23.90
5/20/1978,6.33,14.88
5/21/1978,4.22,13.54
5/22/1978,3.39,12.10
5/23/1978,3.20,12.48
5/24/1978,5.68,12.19
5/25/1978,5.78,13.63
5/26/1978,4.45,14.78
5/27/1978,4.30,13.63
5/28/1978,8.33,12.58
5/29/1978,7.74,11.04
5/30/1978,13.27,10.56
5/31/1978,9.91,10.85
6/1/1978,7.65,11.62
6/2/1978,11.41,10.27
6/3/1978,9.37,10.56
6/4/1978,7.45,13.15
6/5/1978,5.86,13.15
6/6/1978,4.83,16.70
6/7/1978,4.22,17.09
6/8/1978,6.05,12.00
6/9/1978,4.60,13.73
6/10/1978,3.73,13.15
6/11/1978,4.60,12.58
6/12/1978,4.37,11.33
6/13/1978,3.59,10.46
6/14/1978,3.08,9.79
6/15/1978,7.84,9.22
6/16/1978,10.70,8.52
6/17/1978,5.33,7.79
6/18/1978,4.83,6.58
6/19/1978,4.91,6.37
6/20/1978,5.09,5.80
6/21/1978,9.05,5.64
6/22/1978,11.64,6.18
6/23/1978,11.41,5.62
6/24/1978,10.47,11.42
6/25/1978,9.48,19.87
6/26/1978,6.33,13.34
6/27/1978,4.91,10.56
6/28/1978,4.52,10.75
6/29/1978,4.83,10.37
6/30/1978,4.91,9.79
7/1/1978,5.43,13.82
7/2/1978,5.68,13.82
7/3/1978,4.83,12.48
7/4/1978,4.37,12.00
7/5/1978,4.15,13.73
7/6/1978,3.59,14.30
7/7/1978,3.39,11.81
7/8/1978,4.37,10.37
7/9/1978,6.52,9.70
7/10/1978,5.25,9.89
7/11/1978,4.07,11.04
7/12/1978,3.46,11.04
7/13/1978,3.15,10.75
7/14/1978,3.66,9.98
7/15/1978,3.34,11.14
7/16/1978,2.90,14.59
7/17/1978,2.69,13.54
7/18/1978,2.70,13.82
7/19/1978,3.93,15.84
7/20/1978,3.53,11.71
7/21/1978,3.46,10.37
7/22/1978,7.12,10.75
7/23/1978,3.66,56.45
7/24/1978,3.20,25.63
7/25/1978,3.59,16.03
7/26/1978,3.73,17.47
7/27/1978,4.76,14.59
7/28/1978,51.13,13.82
7/29/1978,18.45,14.02
7/30/1978,10.93,14.40
7/31/1978,12.51,14.59
8/1/1978,7.74,20.26
8/2/1978,5.95,22.08
8/3/1978,4.76,24.10
8/4/1978,4.15,18.14
8/5/1978,3.87,14.78
8/6/1978,3.46,16.51
8/7/1978,3.80,15.17
8/8/1978,3.59,16.22
8/9/1978,3.34,14.21
8/10/1978,4.91,28.13
8/11/1978,13.14,17.38
8/12/1978,7.45,11.71
8/13/1978,6.82,9.79
8/14/1978,5.33,8.76
8/15/1978,4.22,14.98
8/16/1978,14.24,12.96
8/17/1978,70.26,9.98
8/18/1978,15.73,9.14
8/19/1978,9.05,7.91
8/20/1978,6.52,9.98
8/21/1978,5.09,9.47
8/22/1978,4.30,9.43
8/23/1978,3.73,9.70
8/24/1978,3.39,9.02
8/25/1978,3.15,10.46
8/26/1978,2.90,10.66
8/27/1978,3.87,9.27
8/28/1978,3.02,10.08
8/29/1978,2.74,8.90
8/30/1978,2.69,12.10
8/31/1978,2.58,13.54
9/1/1978,2.50,14.02
9/2/1978,2.46,13.34
9/3/1978,3.39,12.48
9/4/1978,2.69,14.11
9/5/1978,2.56,15.46
9/6/1978,2.46,21.50
9/7/1978,2.33,14.78
9/8/1978,2.21,14.78
9/9/1978,2.20,12.48
9/10/1978,2.17,24.48
9/11/1978,2.16,13.73
9/12/1978,2.13,15.17
9/13/1978,2.12,15.74
9/14/1978,2.09,19.78
9/15/1978,2.08,14.78
9/16/1978,2.09,12.48
9/17/1978,2.85,37.34
9/18/1978,2.47,17.09
9/19/1978,2.27,14.21
9/20/1978,2.17,13.34
9/21/1978,2.08,11.81
9/22/1978,1.99,11.33
9/23/1978,1.90,14.78
9/24/1978,1.80,16.70
9/25/1978,1.78,15.94
9/26/1978,1.75,13.15
9/27/1978,1.74,14.59
9/28/1978,1.71,16.32
9/29/1978,1.68,13.54
9/30/1978,1.65,14.69
10/1/1978,1.64,14.21
10/2/1978,1.64,30.14
10/3/1978,1.63,28.51
10/4/1978,1.63,19.20
10/5/1978,1.63,14.59
10/6/1978,1.61,13.82
10/7/1978,1.61,13.15
10/8/1978,1.61,12.48
10/9/1978,1.60,12.19
10/10/1978,1.60,11.33
10/11/1978,1.60,11.62
10/12/1978,1.59,10.94
10/13/1978,1.59,13.54
10/14/1978,1.59,13.44
10/15/1978,1.57,13.63
10/16/1978,1.57,18.05
10/17/1978,1.57,19.68
10/18/1978,1.56,13.44
10/19/1978,1.56,13.15
10/20/1978,1.59,12.29
10/21/1978,2.27,10.37
10/22/1978,1.28,13.92
10/23/1978,1.48,18.24
10/24/1978,1.46,15.36
10/25/1978,1.44,13.54
10/26/1978,1.42,12.00
10/27/1978,1.41,10.56
10/28/1978,1.38,9.98
10/29/1978,1.37,10.85
10/30/1978,1.59,9.60
10/31/1978,1.33,10.27
11/1/1978,1.26,10.08
11/2/1978,1.19,10.66
11/3/1978,1.12,11.33
11/4/1978,1.12,9.60
11/5/1978,1.11,12.96
11/6/1978,1.10,9.43
11/7/1978,1.09,10.37
11/8/1978,1.08,20.26
11/9/1978,1.07,20.93
11/10/1978,1.06,15.74
11/11/1978,1.06,11.81
11/12/1978,1.05,10.46
11/13/1978,1.04,12.19
11/14/1978,1.03,10.75
11/15/1978,1.02,9.02
11/16/1978,1.02,8.14
11/17/1978,1.00,7.43
11/18/1978,1.00,7.93
11/19/1978,0.99,16.13
11/20/1978,0.98,8.44
11/21/1978,0.97,9.30
11/22/1978,0.96,10.18
11/23/1978,0.96,8.27
11/24/1978,0.95,7.56
11/25/1978,0.94,9.79
11/26/1978,0.93,9.70
11/27/1978,0.92,13.15
11/28/1978,0.92,70.27
11/29/1978,0.91,31.97
11/30/1978,1.29,36.19
12/1/1978,2.13,32.35
12/2/1978,1.72,15.74
12/3/1978,2.67,12.29
12/4/1978,7.38,12.00
12/5/1978,47.74,10.75
12/6/1978,22.52,9.55
12/7/1978,9.93,8.75
12/8/1978,6.29,8.83
12/9/1978,4.79,8.04
12/10/1978,4.06,10.37
12/11/1978,12.52,12.86
12/12/1978,15.46,26.30
12/13/1978,9.21,13.73
12/14/1978,6.21,11.90
12/15/1978,5.68,9.98
12/16/1978,4.94,8.63
12/17/1978,4.64,37.25
12/18/1978,4.94,74.11
12/19/1978,6.90,161.28
12/20/1978,7.07,15.65
12/21/1978,11.12,13.54
12/22/1978,7.07,12.96
12/23/1978,8.15,11.33
12/24/1978,5.76,10.08
12/25/1978,6.29,8.64
12/26/1978,5.26,7.44
12/27/1978,8.53,6.49
12/28/1978,9.62,7.34
12/29/1978,7.45,5.70
12/30/1978,6.86,5.35
12/31/1978,6.32,5.17
1/1/1979,11.42,4.92
1/2/1979,14.38,4.70
1/3/1979,6.48,6.84
1/4/1979,5.10,8.38
1/5/1979,6.21,5.63
1/6/1979,5.94,4.84
1/7/1979,4.94,4.60
1/8/1979,4.06,4.42
1/9/1979,7.72,4.67
1/10/1979,5.36,4.37
1/11/1979,5.68,3.99
1/12/1979,5.44,3.85
1/13/1979,5.71,3.72
1/14/1979,4.56,3.59
1/15/1979,4.71,3.94
1/16/1979,4.64,3.72
1/17/1979,4.26,4.76
1/18/1979,3.91,6.91
1/19/1979,3.65,5.00
1/20/1979,4.26,4.30
1/21/1979,3.51,4.08
1/22/1979,3.27,4.01
1/23/1979,3.02,3.94
1/24/1979,2.90,3.80
1/25/1979,3.09,3.67
1/26/1979,3.36,3.53
1/27/1979,4.22,3.40
1/28/1979,4.46,3.26
1/29/1979,6.77,3.13
1/30/1979,8.37,3.00
1/31/1979,6.23,2.86
2/1/1979,10.31,2.73
2/2/1979,10.47,2.97
2/3/1979,20.89,2.89
2/4/1979,12.00,2.89
2/5/1979,7.51,3.39
2/6/1979,5.94,3.05
2/7/1979,4.87,3.32
2/8/1979,4.34,3.29
2/9/1979,3.91,3.11
2/10/1979,3.39,3.29
2/11/1979,3.08,3.17
2/12/1979,3.02,3.00
2/13/1979,3.62,2.83
2/14/1979,5.36,2.73
2/15/1979,3.39,2.69
2/16/1979,3.02,2.71
2/17/1979,2.97,2.62
2/18/1979,2.79,2.57
2/19/1979,4.80,2.53
2/20/1979,6.54,2.91
2/21/1979,4.58,4.68
2/22/1979,4.34,3.17
2/23/1979,3.51,2.83
2/24/1979,4.04,3.77
2/25/1979,4.26,4.78
2/26/1979,3.95,4.68
2/27/1979,3.72,5.80
2/28/1979,3.27,7.33
3/1/1979,3.27,7.44
3/2/1979,3.08,7.75
3/3/1979,2.97,6.17
3/4/1979,2.74,5.43
3/5/1979,2.74,5.34
3/6/1979,2.74,5.49
3/7/1979,2.63,5.00
3/8/1979,2.58,4.71
3/9/1979,2.47,4.61
3/10/1979,2.37,4.52
3/11/1979,2.36,4.96
3/12/1979,2.58,8.41
3/13/1979,2.69,6.21
3/14/1979,2.98,4.99
3/15/1979,6.17,4.45
3/16/1979,5.57,4.15
3/17/1979,3.97,3.60
3/18/1979,3.51,3.51
3/19/1979,3.02,3.44
3/20/1979,2.79,3.35
3/21/1979,2.63,3.26
3/22/1979,2.47,3.18
3/23/1979,2.66,3.10
3/24/1979,2.47,3.01
3/25/1979,2.27,2.93
3/26/1979,2.47,2.84
3/27/1979,2.22,2.76
3/28/1979,2.22,2.68
3/29/1979,2.66,2.59
3/30/1979,2.94,2.52
3/31/1979,2.79,2.43
4/1/1979,2.58,2.72
4/2/1979,2.32,4.88
4/3/1979,3.24,3.52
4/4/1979,7.72,5.78
4/5/1979,30.38,10.18
4/6/1979,10.09,14.50
4/7/1979,14.24,7.90
4/8/1979,15.06,7.44
4/9/1979,13.22,7.00
4/10/1979,12.59,7.00
4/11/1979,21.16,18.72
4/12/1979,16.01,14.02
4/13/1979,23.06,17.28
4/14/1979,14.38,13.54
4/15/1979,9.47,11.04
4/16/1979,14.65,10.18
4/17/1979,11.81,12.19
4/18/1979,8.57,10.85
4/19/1979,6.67,10.46
4/20/1979,5.71,9.70
4/21/1979,4.52,16.32
4/22/1979,3.85,22.37
4/23/1979,4.07,21.02
4/24/1979,3.92,21.02
4/25/1979,3.51,22.08
4/26/1979,2.97,22.66
4/27/1979,3.15,22.56
4/28/1979,6.25,18.62
4/29/1979,6.74,13.92
4/30/1979,4.79,11.81
5/1/1979,6.52,10.85
5/2/1979,9.49,9.70
5/3/1979,7.31,8.38
5/4/1979,5.14,8.90
5/5/1979,4.34,10.08
5/6/1979,3.77,9.60
5/7/1979,4.11,15.07
5/8/1979,3.96,11.04
5/9/1979,4.27,8.89
5/10/1979,5.26,10.37
5/11/1979,7.55,12.48
5/12/1979,12.63,16.61
5/13/1979,9.49,13.34
5/14/1979,11.80,11.81
5/15/1979,8.22,10.85
5/16/1979,5.94,13.25
5/17/1979,7.83,11.81
5/18/1979,11.72,12.77
5/19/1979,7.00,25.82
5/20/1979,6.35,15.55
5/21/1979,6.46,12.48
5/22/1979,5.43,11.81
5/23/1979,4.64,19.97
5/24/1979,4.42,14.30
5/25/1979,3.84,14.30
5/26/1979,3.66,28.80
5/27/1979,4.19,25.73
5/28/1979,12.68,16.80
5/29/1979,7.28,12.86
5/30/1979,5.18,10.27
5/31/1979,4.34,9.98
6/1/1979,3.65,9.98
6/2/1979,3.55,9.42
6/3/1979,3.77,9.42
6/4/1979,3.65,10.94
6/5/1979,3.58,14.69
6/6/1979,3.54,12.48
6/7/1979,4.16,10.37
6/8/1979,4.79,9.70
6/9/1979,6.52,8.89
6/10/1979,10.70,10.85
6/11/1979,8.34,32.35
6/12/1979,6.31,19.20
6/13/1979,5.83,13.92
6/14/1979,5.21,10.56
6/15/1979,5.93,9.70
6/16/1979,4.45,9.02
6/17/1979,4.06,11.52
6/18/1979,3.91,10.27
6/19/1979,5.19,15.36
6/20/1979,4.63,12.67
6/21/1979,5.95,10.75
6/22/1979,7.07,11.81
6/23/1979,13.40,9.98
6/24/1979,9.25,9.42
6/25/1979,8.27,9.13
6/26/1979,6.29,8.89
6/27/1979,5.26,8.63
6/28/1979,6.17,8.38
6/29/1979,5.52,8.13
6/30/1979,7.42,7.90
7/1/1979,5.29,7.90
7/2/1979,4.87,12.29
7/3/1979,4.79,16.61
7/4/1979,4.56,22.37
7/5/1979,5.15,37.34
7/6/1979,4.06,30.05
7/7/1979,4.50,15.94
7/8/1979,4.86,14.30
7/9/1979,5.68,21.22
7/10/1979,4.94,17.28
7/11/1979,5.25,14.30
7/12/1979,5.28,17.47
7/13/1979,4.82,13.54
7/14/1979,4.94,11.81
7/15/1979,4.26,10.85
7/16/1979,5.78,9.98
7/17/1979,5.26,9.15
7/18/1979,4.56,8.38
7/19/1979,4.64,7.66
7/20/1979,4.64,7.00
7/21/1979,4.06,6.38
7/22/1979,4.07,5.82
7/23/1979,5.32,6.59
7/24/1979,5.76,7.00
7/25/1979,4.56,7.44
7/26/1979,3.91,7.26
7/27/1979,3.45,7.07
7/28/1979,3.27,6.89
7/29/1979,3.02,6.73
7/30/1979,3.02,6.55
7/31/1979,3.02,6.38
8/1/1979,2.81,11.33
8/2/1979,5.71,29.95
8/3/1979,5.51,22.94
8/4/1979,3.65,13.25
8/5/1979,3.16,10.56
8/6/1979,3.20,9.70
8/7/1979,3.62,27.07
8/8/1979,8.55,39.46
8/9/1979,8.25,38.02
8/10/1979,5.76,39.46
8/11/1979,4.06,39.17
8/12/1979,3.51,28.13
8/13/1979,3.20,20.74
8/14/1979,6.00,18.62
8/15/1979,8.14,18.14
8/16/1979,5.44,14.59
8/17/1979,5.60,16.32
8/18/1979,4.48,15.55
8/19/1979,4.23,12.86
8/20/1979,3.77,11.23
8/21/1979,3.58,10.85
8/22/1979,3.58,10.08
8/23/1979,3.39,9.19
8/24/1979,3.32,9.38
8/25/1979,3.27,11.04
8/26/1979,3.20,9.98
8/27/1979,3.02,9.42
8/28/1979,3.01,8.89
8/29/1979,3.39,8.38
8/30/1979,4.64,7.80
8/31/1979,8.38,7.26
9/1/1979,19.80,6.75
9/2/1979,14.51,6.27
9/3/1979,7.69,5.82
9/4/1979,6.90,5.39
9/5/1979,13.97,4.99
9/6/1979,7.96,4.62
9/7/1979,5.94,4.26
9/8/1979,6.65,3.94
9/9/1979,5.34,3.83
9/10/1979,4.56,3.76
9/11/1979,4.31,3.66
9/12/1979,4.08,3.55
9/13/1979,3.84,3.38
9/14/1979,3.59,3.44
9/15/1979,3.35,3.56
9/16/1979,3.12,3.68
9/17/1979,2.88,4.49
9/18/1979,2.63,4.95
9/19/1979,2.60,4.99
9/20/1979,2.58,5.77
9/21/1979,2.55,4.49
9/22/1979,2.52,4.21
9/23/1979,2.51,3.94
9/24/1979,2.48,3.68
9/25/1979,2.46,3.68
9/26/1979,2.43,3.56
9/27/1979,2.40,3.44
9/28/1979,2.37,3.57
9/29/1979,4.57,4.65
9/30/1979,7.54,4.49
10/1/1979,3.84,4.21
10/2/1979,3.20,3.94
10/3/1979,2.90,6.13
10/4/1979,7.13,7.25
10/5/1979,16.95,6.60
10/6/1979,9.90,6.94
10/7/1979,16.55,7.52
10/8/1979,15.60,6.00
10/9/1979,8.50,4.95
10/10/1979,6.99,4.69
10/11/1979,6.82,4.49
10/12/1979,6.33,4.40
10/13/1979,5.10,4.28
10/14/1979,5.70,4.18
10/15/1979,5.43,4.07
10/16/1979,4.48,3.97
10/17/1979,3.91,3.87
10/18/1979,3.77,3.77
10/19/1979,3.51,3.68
10/20/1979,3.20,3.72
10/21/1979,3.15,7.17
10/22/1979,2.54,18.34
10/23/1979,2.44,11.71
10/24/1979,2.18,19.87
10/25/1979,2.06,10.46
10/26/1979,1.97,8.38
10/27/1979,1.91,7.00
10/28/1979,2.32,6.19
10/29/1979,2.22,5.64
10/30/1979,2.13,5.89
10/31/1979,2.03,6.19
11/1/1979,1.94,5.82
11/2/1979,1.84,5.27
11/3/1979,1.75,5.11
11/4/1979,1.65,4.79
11/5/1979,1.56,6.21
11/6/1979,1.52,5.79
11/7/1979,1.49,5.75
11/8/1979,1.45,6.36
11/9/1979,1.41,6.17
11/10/1979,1.34,5.79
11/11/1979,1.32,6.17
11/12/1979,1.30,6.11
11/13/1979,1.36,6.05
11/14/1979,2.14,5.98
11/15/1979,1.80,7.16
11/16/1979,1.74,5.98
11/17/1979,1.68,5.62
11/18/1979,1.61,5.27
11/19/1979,1.56,5.16
11/20/1979,1.49,5.04
11/21/1979,1.42,4.92
11/22/1979,1.37,4.80
11/23/1979,1.30,6.17
11/24/1979,1.30,6.57
11/25/1979,1.30,5.27
11/26/1979,1.30,4.91
11/27/1979,1.29,6.74
11/28/1979,1.29,8.19
11/29/1979,1.29,7.56
11/30/1979,1.29,7.20
12/1/1979,1.53,8.75
12/2/1979,1.52,7.87
12/3/1979,1.49,6.57
12/4/1979,1.48,6.97
12/5/1979,1.45,6.36
12/6/1979,1.44,6.36
12/7/1979,1.41,8.53
12/8/1979,1.40,7.87
12/9/1979,1.37,9.70
12/10/1979,1.35,8.59
12/11/1979,1.33,8.67
12/12/1979,1.31,11.04
12/13/1979,1.29,7.87
12/14/1979,1.27,9.37
12/15/1979,1.25,9.79
12/16/1979,1.23,7.57
12/17/1979,1.20,6.57
12/18/1979,3.28,6.93
12/19/1979,4.25,7.41
12/20/1979,3.40,9.31
12/21/1979,5.86,8.10
12/22/1979,3.08,7.64
12/23/1979,2.17,7.34
12/24/1979,1.80,7.56
12/25/1979,1.60,8.28
12/26/1979,1.49,7.70
12/27/1979,3.01,7.20
12/28/1979,2.75,14.98
12/29/1979,1.94,23.42
12/30/1979,1.64,28.03
12/31/1979,1.48,26.21
1/1/1980,1.48,21.79
1/2/1980,1.46,15.46
1/3/1980,1.46,12.29
1/4/1980,1.45,13.15
1/5/1980,1.45,11.62
1/6/1980,1.45,10.18
1/7/1980,1.45,9.89
1/8/1980,1.46,11.52
1/9/1980,1.46,10.18
1/10/1980,1.52,8.37
1/11/1980,2.83,7.72
1/12/1980,2.77,7.43
1/13/1980,4.56,7.22
1/14/1980,3.93,9.45
1/15/1980,2.17,14.21
1/16/1980,1.76,9.39
1/17/1980,1.74,8.68
1/18/1980,1.71,9.22
1/19/1980,1.68,13.63
1/20/1980,2.09,13.44
1/21/1980,3.64,13.63
1/22/1980,2.27,14.88
1/23/1980,2.09,16.13
1/24/1980,2.81,13.82
1/25/1980,3.66,12.48
1/26/1980,3.58,11.14
1/27/1980,4.41,10.56
1/28/1980,3.23,11.52
1/29/1980,4.26,11.71
1/30/1980,3.08,12.10
1/31/1980,2.32,12.10
2/1/1980,2.27,11.90
2/2/1980,1.94,13.25
2/3/1980,3.35,16.99
2/4/1980,4.53,17.38
2/5/1980,7.53,14.21
2/6/1980,5.48,13.44
2/7/1980,3.53,12.67
2/8/1980,5.07,12.10
2/9/1980,4.37,13.25
2/10/1980,3.73,15.55
2/11/1980,3.85,19.97
2/12/1980,3.02,12.48
2/13/1980,2.69,11.71
2/14/1980,2.50,10.94
2/15/1980,3.15,6.19
2/16/1980,4.15,5.91
2/17/1980,3.12,5.86
2/18/1980,3.24,6.17
2/19/1980,3.27,6.11
2/20/1980,5.87,5.88
2/21/1980,4.99,6.31
2/22/1980,5.33,6.04
2/23/1980,7.45,6.53
2/24/1980,22.52,7.50
2/25/1980,20.48,6.43
2/26/1980,27.13,5.73
2/27/1980,26.18,6.04
2/28/1980,15.60,10.08
2/29/1980,10.51,8.14
3/1/1980,7.55,10.46
3/2/1980,6.43,12.96
3/3/1980,6.43,11.90
3/4/1980,5.17,9.39
3/5/1980,7.53,9.03
3/6/1980,8.86,8.13
3/7/1980,8.25,7.66
3/8/1980,5.51,6.58
3/9/1980,4.30,6.58
3/10/1980,3.59,9.03
3/11/1980,3.39,10.18
3/12/1980,3.01,12.48
3/13/1980,3.08,17.47
3/14/1980,3.08,12.29
3/15/1980,2.90,14.50
3/16/1980,2.79,12.86
3/17/1980,3.08,20.16
3/18/1980,3.05,39.65
3/19/1980,3.09,30.34
3/20/1980,3.42,21.50
3/21/1980,3.66,20.74
3/22/1980,3.15,27.07
3/23/1980,2.79,18.91
3/24/1980,2.41,17.66
3/25/1980,2.24,21.70
3/26/1980,2.52,21.79
3/27/1980,2.58,19.30
3/28/1980,2.69,17.66
3/29/1980,2.69,23.90
3/30/1980,2.63,24.19
3/31/1980,3.02,26.98
4/1/1980,3.87,18.05
4/2/1980,3.93,14.98
4/3/1980,3.27,12.77
4/4/1980,3.08,12.86
4/5/1980,2.85,17.47
4/6/1980,2.69,23.62
4/7/1980,3.02,26.59
4/8/1980,3.57,22.85
4/9/1980,4.53,31.49
4/10/1980,2.79,39.07
4/11/1980,2.59,35.90
4/12/1980,2.39,28.22
4/13/1980,2.18,23.52
4/14/1980,1.98,22.85
4/15/1980,1.94,20.16
4/16/1980,2.17,19.78
4/17/1980,2.12,19.30
4/18/1980,1.95,43.20
4/19/1980,2.27,16.80
4/20/1980,2.08,15.17
4/21/1980,2.43,15.17
4/22/1980,3.12,14.69
4/23/1980,2.36,17.09
4/24/1980,1.84,15.17
4/25/1980,2.08,14.30
4/26/1980,4.91,14.69
4/27/1980,3.57,15.17
4/28/1980,3.87,15.17
4/29/1980,3.07,14.69
4/30/1980,3.89,21.70
5/1/1980,2.69,16.32
5/2/1980,2.27,15.55
5/3/1980,2.17,28.61
5/4/1980,2.12,28.70
5/5/1980,1.94,24.10
5/6/1980,2.02,22.75
5/7/1980,2.25,21.22
5/8/1980,5.59,27.07
5/9/1980,4.20,21.70
5/10/1980,4.84,19.10
5/11/1980,3.53,36.19
5/12/1980,2.90,36.29
5/13/1980,2.69,36.86
5/14/1980,2.36,29.47
5/15/1980,2.97,27.07
5/16/1980,3.26,24.67
5/17/1980,2.58,23.52
5/18/1980,2.62,23.52
5/19/1980,2.93,24.10
5/20/1980,2.58,21.22
5/21/1980,2.58,18.91
5/22/1980,4.53,18.05
5/23/1980,6.66,17.66
5/24/1980,3.66,21.79
5/25/1980,7.24,19.10
5/26/1980,5.56,16.80
5/27/1980,7.11,16.80
5/28/1980,7.98,17.28
5/29/1980,4.96,16.80
5/30/1980,3.87,17.28
5/31/1980,3.15,16.80
6/1/1980,3.19,33.60
6/2/1980,4.76,43.68
6/3/1980,6.94,46.18
6/4/1980,7.91,34.56
6/5/1980,9.52,27.46
6/6/1980,11.33,25.25
6/7/1980,16.68,23.14
6/8/1980,10.77,20.06
6/9/1980,7.73,19.10
6/10/1980,5.78,18.14
6/11/1980,4.83,17.66
6/12/1980,4.00,17.18
6/13/1980,3.69,32.35
6/14/1980,3.65,82.18
6/15/1980,3.59,90.91
6/16/1980,3.12,57.31
6/17/1980,2.85,40.80
6/18/1980,2.69,35.81
6/19/1980,2.58,94.08
6/20/1980,2.36,285.12
6/21/1980,2.36,103.68
6/22/1980,2.48,50.88
6/23/1980,2.89,34.85
6/24/1980,3.35,27.46
6/25/1980,3.20,23.14
6/26/1980,2.97,20.06
6/27/1980,2.69,18.14
6/28/1980,2.69,18.14
6/29/1980,2.69,23.90
6/30/1980,6.56,50.78
7/1/1980,7.81,16.70
7/2/1980,6.82,16.22
7/3/1980,6.40,16.22
7/4/1980,7.61,16.22
7/5/1980,5.70,17.66
7/6/1980,6.46,12.29
7/7/1980,5.25,10.66
7/8/1980,11.91,9.79
7/9/1980,17.50,8.64
7/10/1980,11.26,7.34
7/11/1980,8.25,6.17
7/12/1980,6.24,5.53
7/13/1980,5.51,11.04
7/14/1980,5.22,11.42
7/15/1980,6.16,33.50
7/16/1980,4.99,23.71
7/17/1980,4.45,22.66
7/18/1980,3.66,20.06
7/19/1980,3.39,21.02
7/20/1980,3.53,78.72
7/21/1980,5.43,72.10
7/22/1980,4.41,24.29
7/23/1980,3.59,13.15
7/24/1980,3.39,9.70
7/25/1980,3.04,8.69
7/26/1980,3.34,7.48
7/27/1980,2.90,6.51
7/28/1980,7.31,5.84
7/29/1980,9.85,5.84
7/30/1980,10.32,5.84
7/31/1980,22.24,5.41
8/1/1980,14.11,5.21
8/2/1980,8.14,4.81
8/3/1980,6.05,4.63
8/4/1980,5.68,4.44
8/5/1980,5.33,4.44
8/6/1980,5.33,4.38
8/7/1980,5.43,5.88
8/8/1980,5.68,5.84
8/9/1980,4.99,5.00
8/10/1980,5.00,4.62
8/11/1980,22.38,4.44
8/12/1980,25.09,4.25
8/13/1980,18.45,4.07
8/14/1980,13.54,3.58
8/15/1980,12.51,10.27
8/16/1980,38.38,10.85
8/17/1980,116.51,9.12
8/18/1980,42.32,6.21
8/19/1980,20.75,4.74
8/20/1980,12.70,4.21
8/21/1980,9.85,3.86
8/22/1980,8.44,3.71
8/23/1980,7.23,4.62
8/24/1980,6.52,4.62
8/25/1980,5.68,4.88
8/26/1980,5.33,4.88
8/27/1980,13.97,5.15
8/28/1980,8.67,5.15
8/29/1980,7.03,5.42
8/30/1980,9.16,11.14
8/31/1980,10.47,46.37
9/1/1980,11.41,34.75
9/2/1980,7.84,26.78
9/3/1980,6.82,26.78
9/4/1980,6.24,26.78
9/5/1980,5.51,21.60
9/6/1980,4.68,16.99
9/7/1980,3.93,16.90
9/8/1980,3.53,15.26
9/9/1980,3.53,12.58
9/10/1980,3.39,12.19
9/11/1980,4.52,11.04
9/12/1980,4.60,10.18
9/13/1980,3.80,9.60
9/14/1980,3.66,8.83
9/15/1980,3.27,8.16
9/16/1980,25.91,7.58
9/17/1980,43.54,6.91
9/18/1980,14.65,6.24
9/19/1980,7.93,5.98
9/20/1980,5.86,23.62
9/21/1980,5.25,26.30
9/22/1980,4.52,14.02
9/23/1980,3.93,12.19
9/24/1980,3.53,11.81
9/25/1980,3.53,20.74
9/26/1980,3.53,19.68
9/27/1980,3.27,17.86
9/28/1980,3.15,15.74
9/29/1980,2.90,12.96
9/30/1980,2.79,10.75
10/1/1980,2.69,9.40
10/2/1980,2.69,9.40
10/3/1980,2.64,9.40
10/4/1980,3.53,8.74
10/5/1980,3.53,9.06
10/6/1980,3.02,9.06
10/7/1980,2.79,12.19
10/8/1980,2.69,32.83
10/9/1980,2.58,16.99
10/10/1980,2.47,14.11
10/11/1980,2.17,18.24
10/12/1980,6.24,22.66
10/13/1980,6.62,20.64
10/14/1980,5.59,35.81
10/15/1980,3.80,34.46
10/16/1980,2.90,42.05
10/17/1980,2.58,31.49
10/18/1980,2.36,24.67
10/19/1980,2.27,31.30
10/20/1980,2.32,33.98
10/21/1980,2.27,34.46
10/22/1980,2.21,24.67
10/23/1980,2.21,18.72
10/24/1980,2.17,16.99
10/25/1980,2.17,15.26
10/26/1980,2.17,13.73
10/27/1980,3.53,14.50
10/28/1980,27.13,16.13
10/29/1980,19.80,18.53
10/30/1980,11.64,14.50
10/31/1980,12.38,16.22
11/1/1980,14.24,17.95
11/2/1980,9.81,16.51
11/3/1980,7.45,16.03
11/4/1980,6.33,18.05
11/5/1980,6.99,18.05
11/6/1980,5.34,15.65
11/7/1980,4.87,13.34
11/8/1980,4.48,35.04
11/9/1980,4.26,33.22
11/10/1980,3.91,26.59
11/11/1980,3.91,18.43
11/12/1980,3.84,14.88
11/13/1980,3.84,13.34
11/14/1980,3.77,12.77
11/15/1980,3.77,12.19
11/16/1980,3.91,11.62
11/17/1980,4.79,11.04
11/18/1980,10.04,10.37
11/19/1980,4.94,9.79
11/20/1980,4.19,9.24
11/21/1980,3.77,8.65
11/22/1980,3.77,26.98
11/23/1980,3.91,10.37
11/24/1980,3.39,11.23
11/25/1980,3.20,10.18
11/26/1980,2.90,9.79
11/27/1980,2.69,9.22
11/28/1980,2.63,9.03
11/29/1980,3.65,9.49
11/30/1980,3.39,9.50
12/1/1980,3.08,11.90
12/2/1980,3.08,10.66
12/3/1980,2.90,10.18
12/4/1980,2.83,11.90
12/5/1980,9.21,10.37
12/6/1980,4.79,21.79
12/7/1980,2.79,17.76
12/8/1980,3.39,14.88
12/9/1980,6.99,13.92
12/10/1980,9.02,15.84
12/11/1980,13.97,16.32
12/12/1980,15.19,15.84
12/13/1980,19.26,16.22
12/14/1980,13.39,19.78
12/15/1980,8.06,19.10
12/16/1980,10.69,14.88
12/17/1980,12.41,13.34
12/18/1980,10.04,11.14
12/19/1980,7.16,13.73
12/20/1980,6.99,13.06
12/21/1980,6.12,10.56
12/22/1980,5.26,10.18
12/23/1980,4.79,9.48
12/24/1980,5.43,8.99
12/25/1980,4.48,8.48
12/26/1980,5.68,7.97
12/27/1980,5.10,7.47
12/28/1980,4.87,8.05
12/29/1980,6.21,11.62
12/30/1980,10.04,10.94
12/31/1980,11.94,9.35
1/1/1981,10.15,8.43
1/2/1981,8.82,7.87
1/3/1981,7.16,12.29
1/4/1981,7.07,10.08
1/5/1981,9.02,8.80
1/6/1981,9.62,9.98
1/7/1981,10.36,8.07
1/8/1981,8.25,7.37
1/9/1981,6.73,7.08
1/10/1981,5.43,7.08
1/11/1981,5.34,8.07
1/12/1981,4.79,7.95
1/13/1981,4.41,7.22
1/14/1981,4.48,6.89
1/15/1981,3.97,6.84
1/16/1981,3.32,7.03
1/17/1981,3.15,7.03
1/18/1981,3.11,11.04
1/19/1981,2.98,9.70
1/20/1981,2.92,7.70
1/21/1981,2.85,6.60
1/22/1981,2.78,17.76
1/23/1981,2.73,12.00
1/24/1981,2.69,9.48
1/25/1981,2.62,8.43
1/26/1981,2.58,7.86
1/27/1981,3.05,7.51
1/28/1981,6.29,7.47
1/29/1981,5.76,8.55
1/30/1981,6.39,13.54
1/31/1981,7.60,13.25
2/1/1981,6.81,11.42
2/2/1981,6.12,9.58
2/3/1981,6.48,9.48
2/4/1981,6.81,12.19
2/5/1981,7.51,11.62
2/6/1981,8.44,16.99
2/7/1981,9.93,13.34
2/8/1981,12.04,14.02
2/9/1981,10.58,12.38
2/10/1981,10.80,10.85
2/11/1981,14.78,10.08
2/12/1981,8.06,9.98
2/13/1981,6.48,9.48
2/14/1981,5.43,13.34
2/15/1981,4.94,11.90
2/16/1981,6.04,10.08
2/17/1981,4.79,7.94
2/18/1981,4.71,7.25
2/19/1981,4.12,7.25
2/20/1981,3.91,7.03
2/21/1981,3.65,7.03
2/22/1981,3.39,10.18
2/23/1981,3.32,10.27
2/24/1981,3.51,34.94
2/25/1981,5.76,60.77
2/26/1981,6.48,44.64
2/27/1981,4.12,37.63
2/28/1981,3.84,72.86
3/1/1981,3.45,9.98
3/2/1981,3.77,8.16
3/3/1981,3.58,10.18
3/4/1981,3.77,15.17
3/5/1981,4.26,15.65
3/6/1981,3.45,10.37
3/7/1981,3.15,12.00
3/8/1981,3.02,17.18
3/9/1981,3.02,12.96
3/10/1981,3.45,10.37
3/11/1981,3.39,11.42
3/12/1981,3.08,10.85
3/13/1981,2.79,13.34
3/14/1981,2.69,10.46
3/15/1981,2.69,9.48
3/16/1981,2.69,20.83
3/17/1981,2.81,16.13
3/18/1981,3.45,10.18
3/19/1981,3.02,9.48
3/20/1981,2.79,9.22
3/21/1981,3.97,8.43
3/22/1981,5.10,7.97
3/23/1981,3.39,7.51
3/24/1981,3.08,7.06
3/25/1981,2.85,6.60
3/26/1981,2.74,6.39
3/27/1981,2.74,6.39
3/28/1981,5.51,7.16
3/29/1981,4.64,11.81
3/30/1981,5.18,9.10
3/31/1981,4.64,10.56
4/1/1981,4.19,9.30
4/2/1981,10.15,11.04
4/3/1981,6.39,8.94
4/4/1981,6.12,7.25
4/5/1981,4.64,6.91
4/6/1981,4.41,9.15
4/7/1981,3.65,9.24
4/8/1981,3.72,7.37
4/9/1981,3.20,7.66
4/10/1981,2.90,7.34
4/11/1981,2.90,7.03
4/12/1981,2.86,6.97
4/13/1981,4.41,6.92
4/14/1981,4.79,6.86
4/15/1981,4.71,6.81
4/16/1981,3.45,6.76
4/17/1981,3.08,6.70
4/18/1981,2.79,6.65
4/19/1981,2.58,6.60
4/20/1981,2.37,8.44
4/21/1981,2.55,15.84
4/22/1981,4.71,15.65
4/23/1981,4.48,11.62
4/24/1981,7.87,10.37
4/25/1981,5.76,8.69
4/26/1981,4.87,8.43
4/27/1981,9.41,8.18
4/28/1981,4.71,7.94
4/29/1981,3.84,10.27
4/30/1981,4.79,13.25
5/1/1981,7.07,12.38
5/2/1981,7.34,13.63
5/3/1981,4.87,12.67
5/4/1981,4.79,11.52
5/5/1981,7.87,13.82
5/6/1981,7.24,11.52
5/7/1981,5.26,8.69
5/8/1981,4.48,8.55
5/9/1981,4.79,8.43
5/10/1981,5.60,8.18
5/11/1981,4.71,22.37
5/12/1981,3.65,16.22
5/13/1981,3.27,14.88
5/14/1981,3.20,16.70
5/15/1981,4.19,74.21
5/16/1981,5.34,74.98
5/17/1981,4.64,37.44
5/18/1981,4.64,32.06
5/19/1981,3.45,46.27
5/20/1981,3.20,24.58
5/21/1981,2.90,19.30
5/22/1981,2.58,15.65
5/23/1981,2.47,15.26
5/24/1981,2.32,13.34
5/25/1981,3.13,36.00
5/26/1981,3.77,60.00
5/27/1981,2.74,33.60
5/28/1981,2.63,36.86
5/29/1981,2.58,36.19
5/30/1981,2.52,27.84
5/31/1981,2.52,23.42
6/1/1981,2.37,16.51
6/2/1981,2.27,13.34
6/3/1981,3.00,11.23
6/4/1981,3.02,10.66
6/5/1981,2.41,10.08
6/6/1981,2.51,9.48
6/7/1981,2.67,9.22
6/8/1981,3.91,25.63
6/9/1981,3.15,18.34
6/10/1981,3.91,14.50
6/11/1981,3.15,11.90
6/12/1981,4.12,60.86
6/13/1981,3.39,69.98
6/14/1981,3.02,39.17
6/15/1981,2.79,29.28
6/16/1981,2.74,22.37
6/17/1981,2.78,15.26
6/18/1981,4.79,37.15
6/19/1981,4.94,24.38
6/20/1981,4.26,19.30
6/21/1981,5.94,14.88
6/22/1981,7.69,12.29
6/23/1981,8.53,11.62
6/24/1981,11.69,11.23
6/25/1981,7.60,10.94
6/26/1981,5.51,9.48
6/27/1981,5.51,9.22
6/28/1981,7.16,8.95
6/29/1981,8.06,8.43
6/30/1981,9.41,8.18
7/1/1981,9.73,10.75
7/2/1981,12.76,9.29
7/3/1981,12.04,8.18
7/4/1981,8.82,7.47
7/5/1981,7.34,7.25
7/6/1981,6.12,9.89
7/7/1981,5.86,8.04
7/8/1981,8.34,7.94
7/9/1981,10.15,7.47
7/10/1981,7.42,13.92
7/11/1981,6.81,9.48
7/12/1981,13.70,10.37
7/13/1981,19.40,7.70
7/14/1981,13.25,7.70
7/15/1981,9.41,7.47
7/16/1981,14.38,7.47
7/17/1981,10.91,7.03
7/18/1981,8.53,7.03
7/19/1981,6.81,6.81
7/20/1981,5.94,6.81
7/21/1981,5.26,7.03
7/22/1981,6.04,6.58
7/23/1981,11.35,13.34
7/24/1981,8.91,12.86
7/25/1981,13.51,14.88
7/26/1981,25.64,10.94
7/27/1981,16.28,10.08
7/28/1981,13.39,9.22
7/29/1981,10.91,8.43
7/30/1981,9.62,7.94
7/31/1981,7.07,7.47
8/1/1981,6.29,6.81
8/2/1981,6.12,6.60
8/3/1981,5.10,5.82
8/4/1981,5.26,5.45
8/5/1981,9.93,4.94
8/6/1981,10.69,4.62
8/7/1981,10.36,4.47
8/8/1981,9.11,4.62
8/9/1981,8.15,5.82
8/10/1981,19.26,6.00
8/11/1981,22.38,5.82
8/12/1981,8.25,5.45
8/13/1981,6.90,5.45
8/14/1981,6.12,5.28
8/15/1981,7.42,5.28
8/16/1981,8.34,5.28
8/17/1981,7.16,6.40
8/18/1981,7.51,16.32
8/19/1981,7.07,8.96
8/20/1981,6.12,7.47
8/21/1981,5.68,6.39
8/22/1981,5.60,6.00
8/23/1981,5.51,5.45
8/24/1981,4.94,4.62
8/25/1981,4.71,4.32
8/26/1981,4.34,4.32
8/27/1981,4.12,4.32
8/28/1981,3.91,4.32
8/29/1981,3.91,4.47
8/30/1981,3.65,6.56
8/31/1981,3.45,7.03
9/1/1981,3.21,15.55
9/2/1981,3.05,13.63
9/3/1981,2.89,14.98
9/4/1981,2.78,11.23
9/5/1981,2.58,7.94
9/6/1981,1.65,7.47
9/7/1981,2.78,7.25
9/8/1981,2.44,6.39
9/9/1981,2.35,6.19
9/10/1981,2.32,6.00
9/11/1981,2.28,5.82
9/12/1981,2.25,5.63
9/13/1981,2.21,5.45
9/14/1981,2.18,5.28
9/15/1981,2.14,4.94
9/16/1981,2.12,4.78
9/17/1981,2.08,4.47
9/18/1981,2.05,4.45
9/19/1981,3.89,4.44
9/20/1981,3.40,4.43
9/21/1981,4.03,4.42
9/22/1981,2.60,4.40
9/23/1981,2.55,4.39
9/24/1981,2.50,4.37
9/25/1981,2.44,4.36
9/26/1981,2.39,4.34
9/27/1981,2.33,25.25
9/28/1981,2.28,8.43
9/29/1981,2.22,6.60
9/30/1981,2.17,6.00
10/1/1981,2.12,5.82
10/2/1981,2.06,5.45
10/3/1981,2.02,5.11
10/4/1981,1.97,4.78
10/5/1981,1.91,4.47
10/6/1981,1.86,4.32
10/7/1981,1.80,4.18
10/8/1981,1.75,4.78
10/9/1981,1.70,4.78
10/10/1981,1.64,4.47
10/11/1981,1.59,4.32
10/12/1981,1.65,4.47
10/13/1981,1.65,4.32
10/14/1981,4.65,4.30
10/15/1981,2.78,7.34
10/16/1981,2.10,10.46
10/17/1981,1.99,10.37
10/18/1981,1.82,7.03
10/19/1981,1.76,6.60
10/20/1981,1.72,6.39
10/21/1981,1.68,6.00
10/22/1981,1.63,9.79
10/23/1981,1.57,7.94
10/24/1981,1.55,7.47
10/25/1981,1.52,11.04
10/26/1981,1.48,11.42
10/27/1981,1.46,9.79
10/28/1981,1.45,9.22
10/29/1981,1.38,8.18
10/30/1981,1.34,8.78
10/31/1981,1.31,8.54
11/1/1981,1.29,7.77
11/2/1981,1.27,7.77
11/3/1981,1.25,7.71
11/4/1981,1.23,7.29
11/5/1981,1.22,7.17
11/6/1981,1.19,7.11
11/7/1981,1.19,7.11
11/8/1981,1.18,7.13
11/9/1981,1.17,5.15
11/10/1981,1.16,4.39
11/11/1981,1.14,4.20
11/12/1981,1.14,5.53
11/13/1981,1.13,6.69
11/14/1981,1.14,5.94
11/15/1981,1.13,5.34
11/16/1981,1.13,5.15
11/17/1981,1.13,6.69
11/18/1981,1.13,5.74
11/19/1981,1.13,7.56
11/20/1981,1.17,7.65
11/21/1981,1.13,13.63
11/22/1981,1.08,10.56
11/23/1981,1.13,8.55
11/24/1981,4.18,12.10
11/25/1981,2.17,12.58
11/26/1981,1.56,17.09
11/27/1981,1.45,13.73
11/28/1981,1.41,13.25
11/29/1981,1.26,19.10
11/30/1981,1.25,14.59
12/1/1981,1.25,14.21
12/2/1981,1.24,11.90
12/3/1981,1.23,10.66
12/4/1981,1.22,10.46
12/5/1981,1.22,9.50
12/6/1981,1.26,11.81
12/7/1981,1.31,10.66
12/8/1981,1.26,8.32
12/9/1981,1.26,7.65
12/10/1981,1.29,9.70
12/11/1981,1.61,8.78
12/12/1981,1.71,16.13
12/13/1981,1.65,17.18
12/14/1981,1.65,12.58
12/15/1981,1.59,9.98
12/16/1981,1.59,9.29
12/17/1981,1.56,10.08
12/18/1981,1.36,8.55
12/19/1981,1.26,5.94
12/20/1981,1.22,6.57
12/21/1981,1.26,5.74
12/22/1981,1.86,5.58
12/23/1981,3.15,7.55
12/24/1981,2.60,6.57
12/25/1981,2.10,6.36
12/26/1981,2.05,5.94
12/27/1981,1.99,5.34
12/28/1981,1.94,5.90
12/29/1981,1.76,5.94
12/30/1981,1.76,14.78
12/31/1981,1.75,15.26
1/1/1982,1.65,15.46
1/2/1982,1.63,18.24
1/3/1982,1.61,18.91
1/4/1982,1.61,13.25
1/5/1982,1.59,19.39
1/6/1982,1.59,14.98
1/7/1982,1.61,10.37
1/8/1982,1.61,9.98
1/9/1982,1.65,9.52
1/10/1982,1.76,8.32
1/11/1982,1.76,7.65
1/12/1982,1.82,18.43
1/13/1982,1.82,11.81
1/14/1982,1.84,9.57
1/15/1982,1.65,8.32
1/16/1982,1.56,6.99
1/17/1982,1.61,6.57
1/18/1982,1.67,5.94
1/19/1982,2.60,5.34
1/20/1982,2.29,5.15
1/21/1982,2.96,5.15
1/22/1982,3.20,11.90
1/23/1982,3.15,11.90
1/24/1982,4.34,7.65
1/25/1982,3.02,11.81
1/26/1982,5.48,384.00
1/27/1982,9.44,136.32
1/28/1982,4.65,78.72
1/29/1982,7.18,55.49
1/30/1982,3.27,43.49
1/31/1982,2.22,35.04
2/1/1982,1.99,36.77
2/2/1982,2.10,38.21
2/3/1982,2.28,29.76
2/4/1982,2.17,64.80
2/5/1982,2.22,48.00
2/6/1982,2.21,43.49
2/7/1982,3.15,33.02
2/8/1982,3.47,29.28
2/9/1982,5.32,25.63
2/10/1982,4.65,23.81
2/11/1982,2.83,32.93
2/12/1982,2.35,26.69
2/13/1982,2.16,10.18
2/14/1982,2.60,8.71
2/15/1982,2.35,7.90
2/16/1982,2.10,7.78
2/17/1982,1.99,5.34
2/18/1982,5.57,4.95
2/19/1982,4.49,8.12
2/20/1982,4.90,4.57
2/21/1982,3.40,4.39
2/22/1982,3.15,3.67
2/23/1982,2.35,11.14
2/24/1982,2.22,18.34
2/25/1982,2.55,8.09
2/26/1982,9.10,5.94
2/27/1982,17.77,5.59
2/28/1982,16.95,8.08
3/1/1982,13.24,5.94
3/2/1982,25.64,4.76
3/3/1982,10.04,4.02
3/4/1982,6.88,3.49
3/5/1982,6.12,8.92
3/6/1982,4.57,7.90
3/7/1982,3.74,8.93
3/8/1982,3.89,8.55
3/9/1982,4.34,10.56
3/10/1982,3.27,10.27
3/11/1982,6.78,8.32
3/12/1982,6.69,7.65
3/13/1982,4.98,7.21
3/14/1982,3.74,7.21
3/15/1982,4.34,6.57
3/16/1982,3.61,8.44
3/17/1982,2.83,10.75
3/18/1982,2.60,10.08
3/19/1982,2.35,9.60
3/20/1982,2.10,13.92
3/21/1982,2.21,16.32
3/22/1982,4.90,14.78
3/23/1982,2.78,18.24
3/24/1982,4.34,12.77
3/25/1982,140.65,10.66
3/26/1982,49.78,8.55
3/27/1982,13.37,8.32
3/28/1982,9.44,6.78
3/29/1982,7.38,8.94
3/30/1982,5.93,6.00
3/31/1982,6.21,5.15
4/1/1982,6.50,5.15
4/2/1982,5.06,4.39
4/3/1982,11.01,4.95
4/4/1982,8.11,4.95
4/5/1982,7.38,4.95
4/6/1982,5.57,16.22
4/7/1982,4.98,10.37
4/8/1982,4.34,12.67
4/9/1982,4.03,11.33
4/10/1982,5.57,15.94
4/11/1982,4.57,18.82
4/12/1982,4.82,12.19
4/13/1982,4.11,10.18
4/14/1982,3.74,11.04
4/15/1982,5.40,13.06
4/16/1982,4.65,9.57
4/17/1982,4.34,8.09
4/18/1982,3.74,7.43
4/19/1982,4.90,7.65
4/20/1982,17.09,11.23
4/21/1982,8.00,11.90
4/22/1982,5.48,10.08
4/23/1982,10.15,8.55
4/24/1982,13.83,17.18
4/25/1982,6.31,17.47
4/26/1982,4.98,30.24
4/27/1982,4.34,25.54
4/28/1982,3.96,16.42
4/29/1982,6.21,12.19
4/30/1982,6.50,11.90
5/1/1982,4.34,11.90
5/2/1982,4.18,9.89
5/3/1982,3.89,8.55
5/4/1982,4.34,7.65
5/5/1982,6.12,7.65
5/6/1982,5.93,13.92
5/7/1982,4.57,18.05
5/8/1982,3.89,14.59
5/9/1982,3.74,14.59
5/10/1982,3.40,14.59
5/11/1982,3.34,13.25
5/12/1982,3.15,12.19
5/13/1982,3.40,23.04
5/14/1982,4.34,21.12
5/15/1982,4.03,19.78
5/16/1982,3.89,18.05
5/17/1982,5.57,16.90
5/18/1982,6.50,15.36
5/19/1982,5.93,29.28
5/20/1982,7.38,23.52
5/21/1982,5.22,18.53
5/22/1982,4.57,14.59
5/23/1982,3.81,10.94
5/24/1982,3.61,8.09
5/25/1982,3.15,8.05
5/26/1982,3.15,8.03
5/27/1982,3.08,7.99
5/28/1982,3.15,7.94
5/29/1982,3.40,7.87
5/30/1982,3.15,14.88
5/31/1982,3.02,10.37
6/1/1982,3.15,8.55
6/2/1982,2.96,7.87
6/3/1982,4.41,6.57
6/4/1982,4.73,6.14
6/5/1982,5.57,11.62
6/6/1982,4.73,10.66
6/7/1982,5.06,13.73
6/8/1982,8.87,8.78
6/9/1982,8.76,8.09
6/10/1982,4.90,8.09
6/11/1982,5.22,8.97
6/12/1982,6.21,11.62
6/13/1982,4.98,11.33
6/14/1982,4.18,9.01
6/15/1982,4.49,8.78
6/16/1982,5.67,8.55
6/17/1982,5.32,11.90
6/18/1982,4.90,13.63
6/19/1982,4.65,13.25
6/20/1982,4.18,11.33
6/21/1982,4.65,9.89
6/22/1982,4.18,9.70
6/23/1982,4.73,9.70
6/24/1982,7.89,9.54
6/25/1982,6.12,9.43
6/26/1982,6.50,9.35
6/27/1982,7.28,9.24
6/28/1982,8.55,9.14
6/29/1982,7.28,9.06
6/30/1982,5.48,8.95
7/1/1982,4.41,8.85
7/2/1982,4.41,8.76
7/3/1982,8.44,8.69
7/4/1982,8.55,8.62
7/5/1982,6.12,8.51
7/6/1982,5.85,8.44
7/7/1982,5.32,8.34
7/8/1982,4.34,8.26
7/9/1982,3.81,8.19
7/10/1982,7.08,8.09
7/11/1982,5.67,7.96
7/12/1982,4.98,7.82
7/13/1982,4.73,7.72
7/14/1982,4.98,7.58
7/15/1982,5.14,7.45
7/16/1982,20.89,7.32
7/17/1982,9.21,7.18
7/18/1982,5.93,7.08
7/19/1982,4.82,6.95
7/20/1982,4.18,6.82
7/21/1982,3.68,6.69
7/22/1982,3.27,4.76
7/23/1982,3.02,6.44
7/24/1982,2.73,6.34
7/25/1982,2.78,6.21
7/26/1982,2.78,6.09
7/27/1982,5.85,5.96
7/28/1982,4.65,5.84
7/29/1982,3.40,5.74
7/30/1982,3.15,5.62
7/31/1982,2.73,5.50
8/1/1982,2.44,5.38
8/2/1982,2.35,5.26
8/3/1982,2.78,5.16
8/4/1982,11.64,5.05
8/5/1982,4.18,4.93
8/6/1982,4.41,4.82
8/7/1982,4.57,4.70
8/8/1982,5.85,4.61
8/9/1982,7.80,4.49
8/10/1982,5.06,4.39
8/11/1982,3.89,4.25
8/12/1982,3.27,4.13
8/13/1982,3.20,4.02
8/14/1982,3.34,3.90
8/15/1982,8.99,3.79
8/16/1982,7.28,3.67
8/17/1982,4.65,14.02
8/18/1982,3.74,9.51
8/19/1982,3.27,7.21
8/20/1982,3.20,6.57
8/21/1982,3.08,6.36
8/22/1982,2.78,5.15
8/23/1982,2.73,5.15
8/24/1982,4.57,4.95
8/25/1982,4.65,4.76
8/26/1982,5.14,4.02
8/27/1982,5.57,5.74
8/28/1982,4.57,6.78
8/29/1982,3.40,6.78
8/30/1982,3.02,6.57
8/31/1982,2.73,6.57
9/1/1982,2.73,7.67
9/2/1982,2.39,108.48
9/3/1982,2.16,53.09
9/4/1982,2.96,28.22
9/5/1982,2.73,17.28
9/6/1982,2.60,13.25
9/7/1982,4.98,10.94
9/8/1982,4.57,9.29
9/9/1982,3.61,8.78
9/10/1982,3.27,9.01
9/11/1982,3.27,7.43
9/12/1982,3.02,9.98
9/13/1982,3.15,12.86
9/14/1982,8.00,10.08
9/15/1982,5.93,8.32
9/16/1982,4.90,7.43
9/17/1982,4.03,7.21
9/18/1982,3.61,7.21
9/19/1982,3.15,6.78
9/20/1982,2.83,6.57
9/21/1982,2.60,5.74
9/22/1982,2.44,10.08
9/23/1982,2.35,7.65
9/24/1982,2.35,7.54
9/25/1982,2.22,7.45
9/26/1982,2.22,7.33
9/27/1982,2.05,7.23
9/28/1982,2.05,7.14
9/29/1982,1.94,7.04
9/30/1982,1.87,6.92
10/1/1982,1.87,6.84
10/2/1982,1.74,6.73
10/3/1982,1.65,6.62
10/4/1982,1.65,6.55
10/5/1982,1.65,6.44
10/6/1982,1.64,6.34
10/7/1982,1.63,6.25
10/8/1982,1.63,6.14
10/9/1982,1.61,6.14
10/10/1982,1.61,6.36
10/11/1982,1.61,6.57
10/12/1982,1.61,6.14
10/13/1982,3.02,8.35
10/14/1982,2.44,10.08
10/15/1982,2.39,9.38
10/16/1982,2.05,8.72
10/17/1982,1.87,8.09
10/18/1982,1.71,7.49
10/19/1982,1.65,6.92
10/20/1982,1.61,6.36
10/21/1982,1.61,6.19
10/22/1982,1.56,6.02
10/23/1982,1.56,5.88
10/24/1982,1.61,5.72
10/25/1982,1.60,5.56
10/26/1982,1.59,5.40
10/27/1982,1.57,5.26
10/28/1982,1.56,5.11
10/29/1982,1.56,4.95
10/30/1982,85.31,6.08
10/31/1982,28.62,6.57
11/1/1982,17.50,6.36
11/2/1982,6.82,5.34
11/3/1982,4.99,6.81
11/4/1982,4.22,5.15
11/5/1982,3.80,10.08
11/6/1982,3.46,22.46
11/7/1982,3.20,12.58
11/8/1982,3.15,22.08
11/9/1982,3.15,68.83
11/10/1982,3.08,22.75
11/11/1982,3.02,43.39
11/12/1982,3.02,33.60
11/13/1982,2.97,23.52
11/14/1982,2.90,25.82
11/15/1982,2.85,19.78
11/16/1982,2.85,15.74
11/17/1982,2.79,11.90
11/18/1982,2.75,10.08
11/19/1982,2.71,9.89
11/20/1982,2.69,12.67
11/21/1982,2.64,15.36
11/22/1982,2.60,12.58
11/23/1982,2.56,8.32
11/24/1982,2.52,8.09
11/25/1982,2.50,7.87
11/26/1982,2.48,7.21
11/27/1982,2.47,9.70
11/28/1982,2.44,9.89
11/29/1982,2.43,11.52
11/30/1982,2.41,10.66
12/1/1982,2.40,9.89
12/2/1982,2.39,8.09
12/3/1982,2.37,7.21
12/4/1982,2.36,10.75
12/5/1982,2.35,13.25
12/6/1982,2.33,8.78
12/7/1982,2.32,8.09
12/8/1982,2.31,10.37
12/9/1982,2.29,13.92
12/10/1982,2.28,13.92
12/11/1982,2.25,15.55
12/12/1982,2.24,12.58
12/13/1982,2.22,11.81
12/14/1982,2.21,11.52
12/15/1982,2.20,12.00
12/16/1982,2.18,9.29
12/17/1982,2.17,7.87
12/18/1982,2.16,11.14
12/19/1982,2.14,10.94
12/20/1982,2.13,10.37
12/21/1982,2.12,9.57
12/22/1982,2.12,8.78
12/23/1982,2.17,8.55
12/24/1982,2.17,8.78
12/25/1982,2.21,8.55
12/26/1982,2.21,7.65
12/27/1982,2.27,7.21
12/28/1982,2.32,6.78
12/29/1982,2.36,12.86
12/30/1982,2.36,13.54
12/31/1982,2.41,10.08
1/1/1983,2.41,9.01
1/2/1983,2.52,8.32
1/3/1983,5.59,10.94
1/4/1983,3.46,8.78
1/5/1983,3.87,8.32
1/6/1983,10.93,8.55
1/7/1983,5.59,8.78
1/8/1983,8.73,9.11
1/9/1983,16.55,7.65
1/10/1983,4.91,6.57
1/11/1983,6.24,5.94
1/12/1983,5.17,5.54
1/13/1983,3.93,5.15
1/14/1983,3.46,4.95
1/15/1983,3.53,4.95
1/16/1983,3.27,18.05
1/17/1983,3.02,10.08
1/18/1983,6.73,7.43
1/19/1983,4.52,6.65
1/20/1983,3.34,7.87
1/21/1983,3.27,7.21
1/22/1983,2.85,14.50
1/23/1983,2.64,15.46
1/24/1983,2.73,9.01
1/25/1983,3.39,7.87
1/26/1983,4.45,7.47
1/27/1983,5.09,6.57
1/28/1983,4.30,7.08
1/29/1983,3.80,7.65
1/30/1983,3.15,9.00
1/31/1983,3.20,15.65
2/1/1983,2.90,10.94
2/2/1983,3.80,10.18
2/3/1983,4.07,8.32
2/4/1983,6.05,8.39
2/5/1983,5.25,11.52
2/6/1983,6.92,12.67
2/7/1983,9.37,8.28
2/8/1983,5.68,8.32
2/9/1983,5.68,7.65
2/10/1983,5.68,9.21
2/11/1983,7.65,11.71
2/12/1983,5.43,10.37
2/13/1983,4.52,8.78
2/14/1983,4.45,17.47
2/15/1983,5.33,32.83
2/16/1983,3.80,16.03
2/17/1983,3.27,13.73
2/18/1983,2.85,22.08
2/19/1983,2.73,12.58
2/20/1983,2.70,12.38
2/21/1983,2.70,9.60
2/22/1983,2.47,8.55
2/23/1983,2.79,9.36
2/24/1983,2.79,9.29
2/25/1983,3.15,9.54
2/26/1983,4.60,11.33
2/27/1983,3.08,16.32
2/28/1983,2.85,17.57
3/1/1983,3.66,14.88
3/2/1983,3.59,12.10
3/3/1983,3.08,15.84
3/4/1983,2.71,11.62
3/5/1983,2.90,10.37
3/6/1983,3.39,8.78
3/7/1983,3.59,8.32
3/8/1983,3.15,8.09
3/9/1983,2.79,7.87
3/10/1983,2.52,6.78
3/11/1983,2.36,6.57
3/12/1983,2.36,6.14
3/13/1983,2.47,5.34
3/14/1983,2.41,9.59
3/15/1983,5.51,7.65
3/16/1983,4.00,6.84
3/17/1983,2.58,8.90
3/18/1983,2.47,13.34
3/19/1983,2.63,11.04
3/20/1983,2.85,9.29
3/21/1983,3.34,9.22
3/22/1983,7.84,44.06
3/23/1983,3.53,24.10
3/24/1983,2.90,14.98
3/25/1983,2.58,12.19
3/26/1983,2.32,11.71
3/27/1983,2.90,11.62
3/28/1983,4.99,10.18
3/29/1983,2.90,11.23
3/30/1983,3.15,10.56
3/31/1983,3.08,9.70
4/1/1983,2.47,10.94
4/2/1983,2.47,13.54
4/3/1983,2.05,11.90
4/4/1983,4.30,12.48
4/5/1983,3.02,17.86
4/6/1983,2.79,11.90
4/7/1983,2.69,11.14
4/8/1983,2.90,10.56
4/9/1983,2.90,17.95
4/10/1983,2.97,18.72
4/11/1983,3.02,17.66
4/12/1983,3.15,21.79
4/13/1983,5.86,30.05
4/14/1983,16.82,28.22
4/15/1983,7.93,18.91
4/16/1983,3.53,15.65
4/17/1983,4.07,13.34
4/18/1983,3.93,11.90
4/19/1983,3.20,10.94
4/20/1983,3.15,12.19
4/21/1983,2.79,13.54
4/22/1983,2.58,17.09
4/23/1983,3.39,19.30
4/24/1983,3.27,17.28
4/25/1983,4.00,18.05
4/26/1983,6.14,13.25
4/27/1983,17.77,10.94
4/28/1983,7.23,12.38
4/29/1983,3.87,12.96
4/30/1983,3.39,16.61
5/1/1983,3.59,31.39
5/2/1983,2.90,43.78
5/3/1983,2.97,35.52
5/4/1983,3.02,25.82
5/5/1983,2.90,23.04
5/6/1983,3.15,23.04
5/7/1983,3.02,32.16
5/8/1983,2.90,29.28
5/9/1983,2.79,29.28
5/10/1983,2.85,27.07
5/11/1983,4.15,22.56
5/12/1983,6.92,18.53
5/13/1983,3.66,16.03
5/14/1983,3.34,15.36
5/15/1983,3.08,13.82
5/16/1983,3.73,11.90
5/17/1983,3.46,11.33
5/18/1983,3.46,9.21
5/19/1983,6.24,8.86
5/20/1983,8.23,9.79
5/21/1983,5.17,8.37
5/22/1983,8.44,9.47
5/23/1983,4.22,8.55
5/24/1983,3.66,13.92
5/25/1983,3.27,21.50
5/26/1983,2.90,24.77
5/27/1983,4.30,16.03
5/28/1983,3.80,13.63
5/29/1983,2.90,10.37
5/30/1983,3.20,10.85
5/31/1983,3.46,9.29
6/1/1983,3.66,9.44
6/2/1983,3.15,10.27
6/3/1983,2.79,9.57
6/4/1983,2.66,7.65
6/5/1983,2.33,7.65
6/6/1983,2.41,7.43
6/7/1983,2.78,7.48
6/8/1983,4.60,7.43
6/9/1983,7.03,6.99
6/10/1983,8.73,6.67
6/11/1983,10.13,6.60
6/12/1983,5.95,6.55
6/13/1983,4.91,6.48
6/14/1983,6.14,6.42
6/15/1983,8.84,6.36
6/16/1983,5.17,6.67
6/17/1983,4.52,5.75
6/18/1983,4.00,5.75
6/19/1983,4.22,6.67
6/20/1983,4.68,6.99
6/21/1983,14.92,6.36
6/22/1983,7.12,6.05
6/23/1983,4.99,6.05
6/24/1983,4.07,14.98
6/25/1983,3.80,17.18
6/26/1983,5.17,11.52
6/27/1983,6.62,10.37
6/28/1983,11.41,10.08
6/29/1983,19.40,8.02
6/30/1983,17.09,7.64
7/1/1983,13.97,10.75
7/2/1983,10.70,27.94
7/3/1983,11.41,19.30
7/4/1983,11.64,35.62
7/5/1983,10.36,92.93
7/6/1983,9.26,62.11
7/7/1983,12.13,53.28
7/8/1983,17.09,62.78
7/9/1983,10.24,63.36
7/10/1983,8.84,52.51
7/11/1983,7.74,43.20
7/12/1983,8.53,35.04
7/13/1983,7.74,24.10
7/14/1983,7.12,20.26
7/15/1983,4.83,20.16
7/16/1983,3.08,16.61
7/17/1983,3.08,15.17
7/18/1983,2.85,13.44
7/19/1983,2.74,12.86
7/20/1983,2.69,12.67
7/21/1983,2.90,12.29
7/22/1983,3.02,50.50
7/23/1983,3.02,27.94
7/24/1983,3.02,16.03
7/25/1983,2.90,13.25
7/26/1983,2.74,11.90
7/27/1983,2.63,10.37
7/28/1983,2.52,9.01
7/29/1983,2.69,8.78
7/30/1983,3.39,8.55
7/31/1983,3.59,7.65
8/1/1983,2.90,8.19
8/2/1983,2.69,8.55
8/3/1983,2.47,7.65
8/4/1983,2.58,7.21
8/5/1983,2.52,6.57
8/6/1983,2.48,5.74
8/7/1983,2.44,6.22
8/8/1983,2.40,5.94
8/9/1983,2.36,5.15
8/10/1983,2.52,5.03
8/11/1983,2.63,4.93
8/12/1983,2.36,4.82
8/13/1983,2.47,4.70
8/14/1983,2.27,4.59
8/15/1983,3.27,4.49
8/16/1983,4.00,4.39
8/17/1983,3.53,4.27
8/18/1983,2.63,4.19
8/19/1983,2.69,4.08
8/20/1983,2.58,3.96
8/21/1983,2.58,3.86
8/22/1983,3.59,3.77
8/23/1983,4.22,3.67
8/24/1983,3.27,5.88
8/25/1983,3.20,6.97
8/26/1983,3.08,5.34
8/27/1983,2.75,5.15
8/28/1983,2.58,5.63
8/29/1983,3.59,12.86
8/30/1983,5.86,7.55
8/31/1983,4.00,20.93
9/1/1983,4.07,50.21
9/2/1983,6.33,38.78
9/3/1983,10.13,26.11
9/4/1983,7.74,17.28
9/5/1983,13.97,13.25
9/6/1983,9.16,10.94
9/7/1983,8.73,10.37
9/8/1983,7.45,9.57
9/9/1983,5.86,8.55
9/10/1983,4.99,9.55
9/11/1983,4.52,8.78
9/12/1983,4.30,8.32
9/13/1983,3.80,7.43
9/14/1983,3.53,6.99
9/15/1983,3.27,6.78
9/16/1983,3.27,8.15
9/17/1983,3.46,6.78
9/18/1983,3.87,6.36
9/19/1983,10.24,5.74
9/20/1983,8.95,5.34
9/21/1983,5.33,6.14
9/22/1983,4.37,5.34
9/23/1983,3.53,5.15
9/24/1983,3.02,5.15
9/25/1983,2.79,4.95
9/26/1983,2.69,4.76
9/27/1983,2.41,4.39
9/28/1983,2.36,4.20
9/29/1983,2.41,3.84
9/30/1983,2.47,3.84
10/1/1983,2.36,3.84
10/2/1983,2.17,5.41
10/3/1983,2.17,6.74
10/4/1983,2.17,4.39
10/5/1983,2.17,4.02
10/6/1983,2.16,4.39
10/7/1983,2.01,4.02
10/8/1983,2.03,3.75
10/9/1983,1.89,3.69
10/10/1983,1.89,3.62
10/11/1983,1.87,3.56
10/12/1983,1.87,3.49
10/13/1983,1.86,3.43
10/14/1983,1.86,3.36
10/15/1983,1.84,3.29
10/16/1983,1.84,3.23
10/17/1983,1.83,3.16
10/18/1983,1.83,3.11
10/19/1983,1.82,3.04
10/20/1983,1.82,2.98
10/21/1983,1.80,2.92
10/22/1983,1.89,2.85
10/23/1983,1.80,2.80
10/24/1983,1.76,2.75
10/25/1983,1.76,2.68
10/26/1983,3.02,5.55
10/27/1983,2.47,3.49
10/28/1983,3.59,10.27
10/29/1983,17.36,6.41
10/30/1983,16.01,4.39
10/31/1983,11.05,4.02
11/1/1983,5.86,3.67
11/2/1983,3.93,4.02
11/3/1983,3.15,4.20
11/4/1983,2.90,3.84
11/5/1983,2.77,3.49
11/6/1983,2.69,3.41
11/7/1983,2.36,12.10
11/8/1983,2.32,22.46
11/9/1983,2.17,21.70
11/10/1983,2.12,17.66
11/11/1983,2.08,10.75
11/12/1983,2.05,13.44
11/13/1983,2.01,13.82
11/14/1983,1.97,12.77
11/15/1983,1.93,8.89
11/16/1983,1.90,7.65
11/17/1983,1.86,9.45
11/18/1983,1.82,8.32
11/19/1983,1.79,22.46
11/20/1983,1.75,34.75
11/21/1983,1.72,18.62
11/22/1983,1.68,13.25
11/23/1983,1.65,10.66
11/24/1983,1.61,12.10
11/25/1983,1.68,12.86
11/26/1983,1.56,11.90
11/27/1983,1.56,16.80
11/28/1983,1.49,26.11
11/29/1983,1.52,21.12
11/30/1983,2.06,16.13
12/1/1983,1.56,13.25
12/2/1983,1.56,13.25
12/3/1983,1.52,12.86
12/4/1983,1.49,15.65
12/5/1983,1.49,15.36
12/6/1983,1.45,17.28
12/7/1983,1.45,13.92
12/8/1983,1.49,12.96
12/9/1983,1.45,15.07
12/10/1983,1.41,19.68
12/11/1983,1.41,16.32
12/12/1983,1.37,12.58
12/13/1983,1.37,11.33
12/14/1983,1.34,12.86
12/15/1983,1.34,15.55
12/16/1983,1.34,12.58
12/17/1983,1.30,10.37
12/18/1983,1.30,9.89
12/19/1983,1.30,10.08
12/20/1983,1.34,9.29
12/21/1983,1.30,8.55
12/22/1983,1.30,12.96
12/23/1983,1.30,22.66
12/24/1983,1.99,19.97
12/25/1983,1.80,14.40
12/26/1983,1.65,31.97
12/27/1983,1.57,25.44
12/28/1983,1.45,16.90
12/29/1983,1.42,14.21
12/30/1983,1.67,12.96
12/31/1983,1.93,13.82
